{"mean":{"confidence_interval":{"confidence_level":0.95,"lower_bound":5562911.277525001,"upper_bound":5596069.23415},"point_estimate":5579208.7069999995,"standard_error":8458.12185185825},"median":{"confidence_interval":{"confidence_level":0.95,"lower_bound":5537997.6,"upper_bound":5583258.5},"point_estimate":5566863.3,"standard_error":12215.664993632097},"median_abs_dev":{"confidence_interval":{"confidence_level":0.95,"lower_bound":61988.24619948864,"upper_bound":107245.72234600782},"point_estimate":84443.1123608352,"standard_error":11503.379430108458},"slope":null,"std_dev":{"confidence_interval":{"confidence_level":0.95,"lower_bound":73908.38451263953,"upper_bound":94073.52258534679},"point_estimate":84914.11926955191,"standard_error":5142.140252610372}}