{"mean":{"confidence_interval":{"confidence_level":0.95,"lower_bound":6387251.6486875,"upper_bound":6394378.19140625},"point_estimate":6390594.7875,"standard_error":1818.573430081145},"median":{"confidence_interval":{"confidence_level":0.95,"lower_bound":6384258.125,"upper_bound":6388670.625},"point_estimate":6385651.25,"standard_error":1133.2293419932282},"median_abs_dev":{"confidence_interval":{"confidence_level":0.95,"lower_bound":7042.535199970007,"upper_bound":11638.595118373632},"point_estimate":9289.137472584844,"standard_error":1160.2230631042955},"slope":null,"std_dev":{"confidence_interval":{"confidence_level":0.95,"lower_bound":12262.593495633819,"upper_bound":23187.35339579355},"point_estimate":18262.93283670883,"standard_error":2769.6290321551537}}