{"mean":{"confidence_interval":{"confidence_level":0.95,"lower_bound":7125727.516499997,"upper_bound":7146786.400357141},"point_estimate":7135355.087142856,"standard_error":5391.066970882027},"median":{"confidence_interval":{"confidence_level":0.95,"lower_bound":7113836.0,"upper_bound":7124593.357142857},"point_estimate":7119321.857142856,"standard_error":3282.110432983603},"median_abs_dev":{"confidence_interval":{"confidence_level":0.95,"lower_bound":18511.528823855526,"upper_bound":35646.25706715303},"point_estimate":26644.6513269614,"standard_error":4617.341160828734},"slope":null,"std_dev":{"confidence_interval":{"confidence_level":0.95,"lower_bound":32697.616525495894,"upper_bound":75730.911408702},"point_estimate":53918.41794801913,"standard_error":11782.06492726425}}