{"mean":{"confidence_interval":{"confidence_level":0.95,"lower_bound":5898834.780305557,"upper_bound":6010881.249555555},"point_estimate":5952889.86666667,"standard_error":28560.211096827064},"median":{"confidence_interval":{"confidence_level":0.95,"lower_bound":5855009.055555556,"upper_bound":5934158.944444444},"point_estimate":5910037.0,"standard_error":20822.224828217593},"median_abs_dev":{"confidence_interval":{"confidence_level":0.95,"lower_bound":126390.74172278261,"upper_bound":265442.23240579135},"point_estimate":189401.07587079238,"standard_error":36053.40881925076},"slope":null,"std_dev":{"confidence_interval":{"confidence_level":0.95,"lower_bound":219990.56642670755,"upper_bound":345782.92220973386},"point_estimate":287118.2050004798,"standard_error":32167.28368232813}}