{"mean":{"confidence_interval":{"confidence_level":0.95,"lower_bound":6898414.689687501,"upper_bound":6916647.066125},"point_estimate":6907415.7025,"standard_error":4652.215979596768},"median":{"confidence_interval":{"confidence_level":0.95,"lower_bound":6899304.25,"upper_bound":6911767.75},"point_estimate":6906367.25,"standard_error":2950.3561172625396},"median_abs_dev":{"confidence_interval":{"confidence_level":0.95,"lower_bound":18793.622591346502,"upper_bound":33537.47470677825},"point_estimate":23565.833919122815,"standard_error":3788.0961912174694},"slope":null,"std_dev":{"confidence_interval":{"confidence_level":0.95,"lower_bound":36745.69544662754,"upper_bound":55825.421279314876},"point_estimate":46860.98170560919,"standard_error":4868.707431631582}}