{"mean":{"confidence_interval":{"confidence_level":0.95,"lower_bound":5890526.865222223,"upper_bound":5931481.579583334},"point_estimate":5911079.546666665,"standard_error":10436.088641323435},"median":{"confidence_interval":{"confidence_level":0.95,"lower_bound":5907161.777777778,"upper_bound":5959818.111111111},"point_estimate":5947890.722222222,"standard_error":11052.243632069198},"median_abs_dev":{"confidence_interval":{"confidence_level":0.95,"lower_bound":64632.95745253655,"upper_bound":135247.87633220293},"point_estimate":87679.47984337807,"standard_error":18263.038434982085},"slope":null,"std_dev":{"confidence_interval":{"confidence_level":0.95,"lower_bound":92573.34644925086,"upper_bound":116328.52131439037},"point_estimate":105005.84116177517,"standard_error":6065.660232860343}}