{"mean":{"confidence_interval":{"confidence_level":0.95,"lower_bound":5669348.560694448,"upper_bound":5674527.742333337},"point_estimate":5671764.371111112,"standard_error":1325.0062187996566},"median":{"confidence_interval":{"confidence_level":0.95,"lower_bound":5666037.777777778,"upper_bound":5669537.777777778},"point_estimate":5667604.444444444,"standard_error":1033.5799563587964},"median_abs_dev":{"confidence_interval":{"confidence_level":0.95,"lower_bound":5675.145599245565,"upper_bound":10180.684552589668},"point_estimate":7899.127926428576,"standard_error":1200.6322714104608},"slope":null,"std_dev":{"confidence_interval":{"confidence_level":0.95,"lower_bound":8720.701749001271,"upper_bound":17390.502562891972},"point_estimate":13295.761100182543,"standard_error":2216.9916487485807}}