{"mean":{"confidence_interval":{"confidence_level":0.95,"lower_bound":6294178.631375,"upper_bound":6363223.517750001},"point_estimate":6328973.0925,"standard_error":17677.144015212078},"median":{"confidence_interval":{"confidence_level":0.95,"lower_bound":6293881.9375,"upper_bound":6385945.25},"point_estimate":6348773.625,"standard_error":24247.30799713741},"median_abs_dev":{"confidence_interval":{"confidence_level":0.95,"lower_bound":146696.2250456214,"upper_bound":233573.98895323277},"point_estimate":185237.43064887822,"standard_error":22960.30143459657},"slope":null,"std_dev":{"confidence_interval":{"confidence_level":0.95,"lower_bound":154781.54846674728,"upper_bound":199256.2434238761},"point_estimate":178451.26843869706,"standard_error":11403.390133790688}}