{"mean":{"confidence_interval":{"confidence_level":0.95,"lower_bound":5496097.973675005,"upper_bound":5499092.679050005},"point_estimate":5497522.496000005,"standard_error":765.4917760726116},"median":{"confidence_interval":{"confidence_level":0.95,"lower_bound":5494516.699999999,"upper_bound":5497844.1},"point_estimate":5495987.4,"standard_error":880.248584086008},"median_abs_dev":{"confidence_interval":{"confidence_level":0.95,"lower_bound":4642.910077572007,"upper_bound":7450.064867734909},"point_estimate":6172.656730413989,"standard_error":739.5064792198153},"slope":null,"std_dev":{"confidence_interval":{"confidence_level":0.95,"lower_bound":5619.435548301248,"upper_bound":10080.671728630334},"point_estimate":7716.531409403309,"standard_error":1196.5287755347829}}