{"mean":{"confidence_interval":{"confidence_level":0.95,"lower_bound":3580580.8988928567,"upper_bound":3639289.57067857},"point_estimate":3609072.8550000023,"standard_error":14950.656915313839},"median":{"confidence_interval":{"confidence_level":0.95,"lower_bound":3546522.321428572,"upper_bound":3615955.0},"point_estimate":3573376.0714285714,"standard_error":15152.585632102164},"median_abs_dev":{"confidence_interval":{"confidence_level":0.95,"lower_bound":90063.34175105586,"upper_bound":173438.886820844},"point_estimate":133641.45572738964,"standard_error":21368.328826816},"slope":null,"std_dev":{"confidence_interval":{"confidence_level":0.95,"lower_bound":121646.27666960249,"upper_bound":177679.705101503},"point_estimate":150507.70831280912,"standard_error":14464.53174746045}}