{"mean":{"confidence_interval":{"confidence_level":0.95,"lower_bound":3199696.3855625,"upper_bound":3228889.48478125},"point_estimate":3214209.131875,"standard_error":7443.7523057310345},"median":{"confidence_interval":{"confidence_level":0.95,"lower_bound":3193766.78125,"upper_bound":3231517.59375},"point_estimate":3212642.1875,"standard_error":11032.705328797583},"median_abs_dev":{"confidence_interval":{"confidence_level":0.95,"lower_bound":64276.45393386483,"upper_bound":104428.31908352673},"point_estimate":84556.10501132905,"standard_error":9758.770932225128},"slope":null,"std_dev":{"confidence_interval":{"confidence_level":0.95,"lower_bound":65837.21048378434,"upper_bound":82363.21051355869},"point_estimate":74642.73215730352,"standard_error":4237.678317231127}}