{"mean":{"confidence_interval":{"confidence_level":0.95,"lower_bound":2853077.761583334,"upper_bound":2854186.8755000005},"point_estimate":2853613.265555555,"standard_error":282.091359036191},"median":{"confidence_interval":{"confidence_level":0.95,"lower_bound":2852623.722222222,"upper_bound":2853676.527777778},"point_estimate":2853365.388888889,"standard_error":289.17625388531434},"median_abs_dev":{"confidence_interval":{"confidence_level":0.95,"lower_bound":1515.3664626799925,"upper_bound":2623.4204996753497},"point_estimate":2059.1666301093046,"standard_error":278.2354835058212},"slope":null,"std_dev":{"confidence_interval":{"confidence_level":0.95,"lower_bound":2122.5974619957624,"upper_bound":3546.144863225284},"point_estimate":2825.956488934788,"standard_error":368.9492695287224}}