{"mean":{"confidence_interval":{"confidence_level":0.95,"lower_bound":9873074.125750007,"upper_bound":10106217.8541},"point_estimate":9987832.24,"standard_error":59603.505886187064},"median":{"confidence_interval":{"confidence_level":0.95,"lower_bound":9816347.2,"upper_bound":10061849.0},"point_estimate":9937288.1,"standard_error":75855.56487512097},"median_abs_dev":{"confidence_interval":{"confidence_level":0.95,"lower_bound":482115.1211607459,"upper_bound":811047.1234810363},"point_estimate":673431.1561042065,"standard_error":86427.37726792601},"slope":null,"std_dev":{"confidence_interval":{"confidence_level":0.95,"lower_bound":506345.51644245937,"upper_bound":690055.2932710827},"point_estimate":600459.2995639968,"standard_error":47035.49172283835}}