{"mean":{"confidence_interval":{"confidence_level":0.95,"lower_bound":8217202.062000005,"upper_bound":8382479.732178571},"point_estimate":8297666.334285716,"standard_error":42113.59519044586},"median":{"confidence_interval":{"confidence_level":0.95,"lower_bound":8131118.142857143,"upper_bound":8263874.428571429},"point_estimate":8192785.285714285,"standard_error":32759.59767855763},"median_abs_dev":{"confidence_interval":{"confidence_level":0.95,"lower_bound":242151.88880094432,"upper_bound":439516.55039702164},"point_estimate":347527.4701301533,"standard_error":47538.45201513335},"slope":null,"std_dev":{"confidence_interval":{"confidence_level":0.95,"lower_bound":341925.47816992324,"upper_bound":492691.5594394556},"point_estimate":422289.34848268,"standard_error":38347.95485224476}}