{"mean":{"confidence_interval":{"confidence_level":0.95,"lower_bound":9809083.208208334,"upper_bound":10032926.639874997},"point_estimate":9917437.013333337,"standard_error":57032.62054533367},"median":{"confidence_interval":{"confidence_level":0.95,"lower_bound":9719847.958333334,"upper_bound":9910464.666666668},"point_estimate":9821565.333333332,"standard_error":53596.05236637801},"median_abs_dev":{"confidence_interval":{"confidence_level":0.95,"lower_bound":299310.2478861809,"upper_bound":514915.74290841864},"point_estimate":397667.6598399854,"standard_error":54841.63083142638},"slope":null,"std_dev":{"confidence_interval":{"confidence_level":0.95,"lower_bound":440289.8599307919,"upper_bound":691937.8119349797},"point_estimate":573971.3772357501,"standard_error":64443.212203851755}}