{"mean":{"confidence_interval":{"confidence_level":0.95,"lower_bound":8115771.670035713,"upper_bound":8146791.989392854},"point_estimate":8130965.6499999985,"standard_error":7920.087813162427},"median":{"confidence_interval":{"confidence_level":0.95,"lower_bound":8098738.571428572,"upper_bound":8137801.714285715},"point_estimate":8117041.357142857,"standard_error":11997.226272641397},"median_abs_dev":{"confidence_interval":{"confidence_level":0.95,"lower_bound":53157.81456875923,"upper_bound":97605.59256715424},"point_estimate":71552.07502969714,"standard_error":11359.292457091933},"slope":null,"std_dev":{"confidence_interval":{"confidence_level":0.95,"lower_bound":66738.20643890188,"upper_bound":91143.14943723347},"point_estimate":79602.66452197627,"standard_error":6240.5350476491985}}