{"mean":{"confidence_interval":{"confidence_level":0.95,"lower_bound":11084826.236350004,"upper_bound":11286457.782899998},"point_estimate":11185234.519999998,"standard_error":51566.03803548398},"median":{"confidence_interval":{"confidence_level":0.95,"lower_bound":10981634.2,"upper_bound":11248361.8},"point_estimate":11094759.399999999,"standard_error":78756.75888971864},"median_abs_dev":{"confidence_interval":{"confidence_level":0.95,"lower_bound":449133.64692628384,"upper_bound":702720.4967982178},"point_estimate":575216.4691078665,"standard_error":64396.03458151125},"slope":null,"std_dev":{"confidence_interval":{"confidence_level":0.95,"lower_bound":453509.66994077805,"upper_bound":575532.2231599819},"point_estimate":518550.65629609284,"standard_error":31181.107297665487}}