{"mean":{"confidence_interval":{"confidence_level":0.95,"lower_bound":8097153.612892858,"upper_bound":8136746.996500001},"point_estimate":8116561.09285714,"standard_error":10079.757587568864},"median":{"confidence_interval":{"confidence_level":0.95,"lower_bound":8081593.642857144,"upper_bound":8120251.142857143},"point_estimate":8099208.071428571,"standard_error":10289.467623078306},"median_abs_dev":{"confidence_interval":{"confidence_level":0.95,"lower_bound":54051.99179288455,"upper_bound":102120.10948700485},"point_estimate":75994.36815083095,"standard_error":11987.635640975339},"slope":null,"std_dev":{"confidence_interval":{"confidence_level":0.95,"lower_bound":81839.0385253842,"upper_bound":118930.20006279995},"point_estimate":101131.12535802789,"standard_error":9494.012035437292}}