{"mean":{"confidence_interval":{"confidence_level":0.95,"lower_bound":10570726.9129,"upper_bound":10861805.017949998},"point_estimate":10710782.76,"standard_error":74218.01512694356},"median":{"confidence_interval":{"confidence_level":0.95,"lower_bound":10459416.7,"upper_bound":10741697.7},"point_estimate":10591237.1,"standard_error":72862.30271235228},"median_abs_dev":{"confidence_interval":{"confidence_level":0.95,"lower_bound":454477.9750514047,"upper_bound":680160.0843447436},"point_estimate":569839.2272633325,"standard_error":56600.38116852783},"slope":null,"std_dev":{"confidence_interval":{"confidence_level":0.95,"lower_bound":567740.7795718331,"upper_bound":910168.9347380154},"point_estimate":744696.2720624318,"standard_error":87696.59626546489}}