{"mean":{"confidence_interval":{"confidence_level":0.95,"lower_bound":11006438.68605,"upper_bound":11335617.8743},"point_estimate":11164435.313999994,"standard_error":84300.93561248212},"median":{"confidence_interval":{"confidence_level":0.95,"lower_bound":10983087.0,"upper_bound":11232196.802499995},"point_estimate":11107877.0,"standard_error":59029.62075309122},"median_abs_dev":{"confidence_interval":{"confidence_level":0.95,"lower_bound":488501.2685808683,"upper_bound":847707.2951936866},"point_estimate":703151.7999565607,"standard_error":91370.75311589339},"slope":null,"std_dev":{"confidence_interval":{"confidence_level":0.95,"lower_bound":643947.105770596,"upper_bound":1049418.062767548},"point_estimate":847382.1264277927,"standard_error":104497.25311975101}}