{"mean":{"confidence_interval":{"confidence_level":0.95,"lower_bound":8831574.838333331,"upper_bound":9062958.348500002},"point_estimate":8943486.356666662,"standard_error":58823.22041863069},"median":{"confidence_interval":{"confidence_level":0.95,"lower_bound":8707242.333333332,"upper_bound":8933450.666666666},"point_estimate":8782225.666666668,"standard_error":65133.20538296766},"median_abs_dev":{"confidence_interval":{"confidence_level":0.95,"lower_bound":369612.17343807494,"upper_bound":604443.6542689805},"point_estimate":491691.9262707238,"standard_error":59889.995114288446},"slope":null,"std_dev":{"confidence_interval":{"confidence_level":0.95,"lower_bound":465415.85303227237,"upper_bound":705070.6658908295},"point_estimate":591409.8400952212,"standard_error":61316.510151710456}}