{"mean":{"confidence_interval":{"confidence_level":0.95,"lower_bound":10264699.709,"upper_bound":10472448.9282},"point_estimate":10365656.93,"standard_error":53157.13509381578},"median":{"confidence_interval":{"confidence_level":0.95,"lower_bound":10140288.2,"upper_bound":10401550.0},"point_estimate":10251219.0,"standard_error":71018.3467860811},"median_abs_dev":{"confidence_interval":{"confidence_level":0.95,"lower_bound":314371.3175552946,"upper_bound":529262.0968437173},"point_estimate":418718.5532462608,"standard_error":53665.29023949041},"slope":null,"std_dev":{"confidence_interval":{"confidence_level":0.95,"lower_bound":417664.5283866916,"upper_bound":642605.1703776154},"point_estimate":533998.2239274707,"standard_error":57577.38160639933}}