{"mean":{"confidence_interval":{"confidence_level":0.95,"lower_bound":5046471.753386364,"upper_bound":5134638.321931818},"point_estimate":5087915.8145454535,"standard_error":22527.483445819074},"median":{"confidence_interval":{"confidence_level":0.95,"lower_bound":4990428.818181818,"upper_bound":5031611.545454545},"point_estimate":5014097.5,"standard_error":11361.010136809802},"median_abs_dev":{"confidence_interval":{"confidence_level":0.95,"lower_bound":84462.8444186667,"upper_bound":159598.5850120136},"point_estimate":131240.01923366002,"standard_error":19763.60754372507},"slope":null,"std_dev":{"confidence_interval":{"confidence_level":0.95,"lower_bound":163855.0252236008,"upper_bound":285022.32454274065},"point_estimate":226939.08402758857,"standard_error":31149.496089393822}}