{"mean":{"confidence_interval":{"confidence_level":0.95,"lower_bound":3131165.5342343748,"upper_bound":3139633.521453125},"point_estimate":3134996.77,"standard_error":2181.7812339677557},"median":{"confidence_interval":{"confidence_level":0.95,"lower_bound":3128710.625,"upper_bound":3131438.9375},"point_estimate":3130103.28125,"standard_error":755.2392018156991},"median_abs_dev":{"confidence_interval":{"confidence_level":0.95,"lower_bound":5423.953009955585,"upper_bound":9905.11143039912},"point_estimate":7210.949290730059,"standard_error":1143.4145577596773},"slope":null,"std_dev":{"confidence_interval":{"confidence_level":0.95,"lower_bound":11127.589558601041,"upper_bound":30368.33036921682},"point_estimate":21888.790816870318,"standard_error":4891.835107664565}}