{"mean":{"confidence_interval":{"confidence_level":0.95,"lower_bound":3476222.8657500003,"upper_bound":3485752.6653333334},"point_estimate":3480677.2906666673,"standard_error":2440.0753481866595},"median":{"confidence_interval":{"confidence_level":0.95,"lower_bound":3472901.933333333,"upper_bound":3481028.2666666666},"point_estimate":3476774.333333333,"standard_error":2046.8448552525042},"median_abs_dev":{"confidence_interval":{"confidence_level":0.95,"lower_bound":11854.276349544318,"upper_bound":18768.381326794417},"point_estimate":15558.05818378916,"standard_error":1775.4384419153741},"slope":null,"std_dev":{"confidence_interval":{"confidence_level":0.95,"lower_bound":16070.11438990638,"upper_bound":32966.18798286667},"point_estimate":24590.636010321086,"standard_error":4404.261008606874}}