{"mean":{"confidence_interval":{"confidence_level":0.95,"lower_bound":6645160.32328125,"upper_bound":6694126.056},"point_estimate":6669120.33375,"standard_error":12481.811796062668},"median":{"confidence_interval":{"confidence_level":0.95,"lower_bound":6610640.125,"upper_bound":6672184.375},"point_estimate":6634365.3125,"standard_error":20670.363513358418},"median_abs_dev":{"confidence_interval":{"confidence_level":0.95,"lower_bound":83730.38948848844,"upper_bound":147251.18074826896},"point_estimate":118701.58701762557,"standard_error":18012.15860574122},"slope":null,"std_dev":{"confidence_interval":{"confidence_level":0.95,"lower_bound":105268.3603670345,"upper_bound":141273.940387769},"point_estimate":124541.86679703125,"standard_error":9196.107495926912}}