{"mean":{"confidence_interval":{"confidence_level":0.95,"lower_bound":5883508.492083334,"upper_bound":5927721.23236111},"point_estimate":5904740.695555557,"standard_error":11291.034383425007},"median":{"confidence_interval":{"confidence_level":0.95,"lower_bound":5855705.333333333,"upper_bound":5903950.444444444},"point_estimate":5880844.611111111,"standard_error":11203.858771544654},"median_abs_dev":{"confidence_interval":{"confidence_level":0.95,"lower_bound":55638.89443971178,"upper_bound":95307.86854128074},"point_estimate":74857.8729043405,"standard_error":9978.867809916688},"slope":null,"std_dev":{"confidence_interval":{"confidence_level":0.95,"lower_bound":83256.74040319424,"upper_bound":141129.61593213264},"point_estimate":113625.02528085408,"standard_error":14814.624737747927}}