{"mean":{"confidence_interval":{"confidence_level":0.95,"lower_bound":6756616.08059375,"upper_bound":6901201.261843749},"point_estimate":6828477.5375,"standard_error":36872.933448050164},"median":{"confidence_interval":{"confidence_level":0.95,"lower_bound":6711577.375,"upper_bound":6987096.875},"point_estimate":6883695.875,"standard_error":66892.06570305067},"median_abs_dev":{"confidence_interval":{"confidence_level":0.95,"lower_bound":329818.5415070504,"upper_bound":510273.1046408415},"point_estimate":412516.4854388684,"standard_error":46768.4801849847},"slope":null,"std_dev":{"confidence_interval":{"confidence_level":0.95,"lower_bound":330592.8080873965,"upper_bound":405750.5345137744},"point_estimate":370870.90903718094,"standard_error":19220.89940623393}}