{"mean":{"confidence_interval":{"confidence_level":0.95,"lower_bound":7269660.443464286,"upper_bound":7369841.639321427},"point_estimate":7319607.801428572,"standard_error":25529.516729187955},"median":{"confidence_interval":{"confidence_level":0.95,"lower_bound":7257142.642857144,"upper_bound":7384949.0},"point_estimate":7304542.285714285,"standard_error":30760.00135825136},"median_abs_dev":{"confidence_interval":{"confidence_level":0.95,"lower_bound":198306.9597793474,"upper_bound":303475.61251223227},"point_estimate":251489.5152351688,"standard_error":27088.244862821284},"slope":null,"std_dev":{"confidence_interval":{"confidence_level":0.95,"lower_bound":216829.03795360375,"upper_bound":292697.91086251097},"point_estimate":256438.53120864762,"standard_error":19345.46680500975}}