{"mean":{"confidence_interval":{"confidence_level":0.95,"lower_bound":4652528.461318183,"upper_bound":4750494.0659545455},"point_estimate":4697730.523636363,"standard_error":25054.327562380287},"median":{"confidence_interval":{"confidence_level":0.95,"lower_bound":4575122.7272727275,"upper_bound":4674814.181818182},"point_estimate":4616127.454545455,"standard_error":23880.15314711931},"median_abs_dev":{"confidence_interval":{"confidence_level":0.95,"lower_bound":99590.68803191253,"upper_bound":198037.21491436308},"point_estimate":146555.74869811535,"standard_error":25102.11661100836},"slope":null,"std_dev":{"confidence_interval":{"confidence_level":0.95,"lower_bound":163477.21702228705,"upper_bound":350323.6464663683},"point_estimate":251872.85392511068,"standard_error":53907.704589142115}}