{"mean":{"confidence_interval":{"confidence_level":0.95,"lower_bound":5077054.793475001,"upper_bound":5086763.973825001},"point_estimate":5081758.297,"standard_error":2471.8470032180417},"median":{"confidence_interval":{"confidence_level":0.95,"lower_bound":5078106.1,"upper_bound":5089753.8},"point_estimate":5085885.55,"standard_error":2956.3857707200173},"median_abs_dev":{"confidence_interval":{"confidence_level":0.95,"lower_bound":13061.01821237167,"upper_bound":29403.73810797902},"point_estimate":21655.15173554379,"standard_error":4480.966556395555},"slope":null,"std_dev":{"confidence_interval":{"confidence_level":0.95,"lower_bound":19049.965966948526,"upper_bound":30723.49796609208},"point_estimate":24830.594913681925,"standard_error":3032.4849084185516}}