{"mean":{"confidence_interval":{"confidence_level":0.95,"lower_bound":12098116.9129,"upper_bound":12253299.036349999},"point_estimate":12170615.586000003,"standard_error":39675.89662371321},"median":{"confidence_interval":{"confidence_level":0.95,"lower_bound":11994209.2,"upper_bound":12140428.2},"point_estimate":12066127.4,"standard_error":33824.919853902415},"median_abs_dev":{"confidence_interval":{"confidence_level":0.95,"lower_bound":161322.88921594454,"upper_bound":281062.8521901366},"point_estimate":215034.52106237385,"standard_error":29028.25020692226},"slope":null,"std_dev":{"confidence_interval":{"confidence_level":0.95,"lower_bound":266050.6429776791,"upper_bound":514431.0263452132},"point_estimate":397905.60740566516,"standard_error":63666.997219306984}}