{"mean":{"confidence_interval":{"confidence_level":0.95,"lower_bound":10892359.074449997,"upper_bound":10961249.325749993},"point_estimate":10927692.317999994,"standard_error":17477.90350075837},"median":{"confidence_interval":{"confidence_level":0.95,"lower_bound":10936078.4,"upper_bound":11026529.6},"point_estimate":10970858.9,"standard_error":26594.246592220206},"median_abs_dev":{"confidence_interval":{"confidence_level":0.95,"lower_bound":101722.13305807167,"upper_bound":200612.9745984072},"point_estimate":147090.22598862648,"standard_error":27633.466371214185},"slope":null,"std_dev":{"confidence_interval":{"confidence_level":0.95,"lower_bound":146405.64690475253,"upper_bound":202247.43195614478},"point_estimate":175956.95898253034,"standard_error":14186.374667705106}}