{"mean":{"confidence_interval":{"confidence_level":0.95,"lower_bound":8072539.467464285,"upper_bound":8129601.26464286},"point_estimate":8100313.308571428,"standard_error":14604.88012144519},"median":{"confidence_interval":{"confidence_level":0.95,"lower_bound":8022614.857142857,"upper_bound":8077203.285714285},"point_estimate":8057230.857142856,"standard_error":15780.935796025948},"median_abs_dev":{"confidence_interval":{"confidence_level":0.95,"lower_bound":74673.90107427206,"upper_bound":139901.15431375816},"point_estimate":101679.67139482498,"standard_error":17402.992885095708},"slope":null,"std_dev":{"confidence_interval":{"confidence_level":0.95,"lower_bound":125082.13631749689,"upper_bound":163185.42353750844},"point_estimate":146577.08643734895,"standard_error":9733.872369463565}}