{"mean":{"confidence_interval":{"confidence_level":0.95,"lower_bound":8722902.667083332,"upper_bound":8947846.556875002},"point_estimate":8832208.72166667,"standard_error":57309.28453568545},"median":{"confidence_interval":{"confidence_level":0.95,"lower_bound":8615079.166666666,"upper_bound":8892762.833333332},"point_estimate":8720770.916666668,"standard_error":75932.24700691315},"median_abs_dev":{"confidence_interval":{"confidence_level":0.95,"lower_bound":393359.22431647684,"upper_bound":643239.3419802189},"point_estimate":513425.11218488286,"standard_error":64058.300728994924},"slope":null,"std_dev":{"confidence_interval":{"confidence_level":0.95,"lower_bound":470249.7737598202,"upper_bound":676283.6295658029},"point_estimate":574430.9805551441,"standard_error":52703.22175432297}}