{"mean":{"confidence_interval":{"confidence_level":0.95,"lower_bound":9109719.967083335,"upper_bound":9135654.188583335},"point_estimate":9122129.486666664,"standard_error":6642.173552021917},"median":{"confidence_interval":{"confidence_level":0.95,"lower_bound":9091406.083333332,"upper_bound":9111772.916666668},"point_estimate":9098497.833333334,"standard_error":4505.192716052599},"median_abs_dev":{"confidence_interval":{"confidence_level":0.95,"lower_bound":33581.26005381346,"upper_bound":61825.160202383995},"point_estimate":47876.24190002772,"standard_error":7125.24223886116},"slope":null,"std_dev":{"confidence_interval":{"confidence_level":0.95,"lower_bound":51391.84242267782,"upper_bound":82982.25966850219},"point_estimate":67039.21918031413,"standard_error":8158.093863009922}}