{"mean":{"confidence_interval":{"confidence_level":0.95,"lower_bound":8926214.071666662,"upper_bound":8962822.820833333},"point_estimate":8943893.85,"standard_error":9385.408883484426},"median":{"confidence_interval":{"confidence_level":0.95,"lower_bound":8897516.583333332,"upper_bound":8924700.333333334},"point_estimate":8905183.333333332,"standard_error":6689.315671741218},"median_abs_dev":{"confidence_interval":{"confidence_level":0.95,"lower_bound":45034.59195047663,"upper_bound":87635.24894416382},"point_estimate":59898.0273365979,"standard_error":10297.325954012675},"slope":null,"std_dev":{"confidence_interval":{"confidence_level":0.95,"lower_bound":76801.32808876787,"upper_bound":110531.50421838698},"point_estimate":94420.73594206665,"standard_error":8670.65595381207}}