{"mean":{"confidence_interval":{"confidence_level":0.95,"lower_bound":11704536.600500008,"upper_bound":11901924.360650003},"point_estimate":11799418.522,"standard_error":50241.416666502424},"median":{"confidence_interval":{"confidence_level":0.95,"lower_bound":11594982.8,"upper_bound":11862815.8},"point_estimate":11705644.1,"standard_error":60637.655979218005},"median_abs_dev":{"confidence_interval":{"confidence_level":0.95,"lower_bound":317947.12259531074,"upper_bound":521658.8793987044},"point_estimate":398453.33898603864,"standard_error":54850.32542017942},"slope":null,"std_dev":{"confidence_interval":{"confidence_level":0.95,"lower_bound":398567.0164356293,"upper_bound":617652.0807721596},"point_estimate":503814.6835212793,"standard_error":57100.45954640412}}