{"mean":{"confidence_interval":{"confidence_level":0.95,"lower_bound":4702156.862204547,"upper_bound":4709268.314340911},"point_estimate":4705600.997272727,"standard_error":1820.6916282855875},"median":{"confidence_interval":{"confidence_level":0.95,"lower_bound":4696240.454545454,"upper_bound":4705458.636363637},"point_estimate":4701731.409090909,"standard_error":2646.2119733620816},"median_abs_dev":{"confidence_interval":{"confidence_level":0.95,"lower_bound":10513.116413354874,"upper_bound":18242.920939759522},"point_estimate":13855.772835828915,"standard_error":2037.6360434879664},"slope":null,"std_dev":{"confidence_interval":{"confidence_level":0.95,"lower_bound":14004.371986071183,"upper_bound":22391.369158259356},"point_estimate":18310.150117978956,"standard_error":2154.3068684776013}}