{"mean":{"confidence_interval":{"confidence_level":0.95,"lower_bound":5799777.422194449,"upper_bound":5886466.139805556},"point_estimate":5842791.412222223,"standard_error":22142.952757226598},"median":{"confidence_interval":{"confidence_level":0.95,"lower_bound":5790101.611111111,"upper_bound":5880624.777777778},"point_estimate":5843296.666666666,"standard_error":25473.888953348556},"median_abs_dev":{"confidence_interval":{"confidence_level":0.95,"lower_bound":158442.32925375318,"upper_bound":260792.38293667627},"point_estimate":205251.9640227158,"standard_error":26301.942108734405},"slope":null,"std_dev":{"confidence_interval":{"confidence_level":0.95,"lower_bound":188070.2796859796,"upper_bound":255573.8207868949},"point_estimate":222669.0170402005,"standard_error":17334.230533329897}}