{"mean":{"confidence_interval":{"confidence_level":0.95,"lower_bound":5472770.8399,"upper_bound":5568140.516925001},"point_estimate":5518914.893000003,"standard_error":24332.448569435754},"median":{"confidence_interval":{"confidence_level":0.95,"lower_bound":5430658.5,"upper_bound":5527479.2},"point_estimate":5485769.0,"standard_error":22336.63934466194},"median_abs_dev":{"confidence_interval":{"confidence_level":0.95,"lower_bound":132389.72833961304,"upper_bound":223362.6557645199},"point_estimate":176608.56907457128,"standard_error":22886.679840869114},"slope":null,"std_dev":{"confidence_interval":{"confidence_level":0.95,"lower_bound":185811.31452028058,"upper_bound":298444.0877224628},"point_estimate":244242.0996677509,"standard_error":28937.320935995944}}