{"mean":{"confidence_interval":{"confidence_level":0.95,"lower_bound":3843405.7715384616,"upper_bound":3891845.603403846},"point_estimate":3866693.6953846156,"standard_error":12370.944313987278},"median":{"confidence_interval":{"confidence_level":0.95,"lower_bound":3829574.846153846,"upper_bound":3874475.230769231},"point_estimate":3845890.3846153845,"standard_error":10405.22633116954},"median_abs_dev":{"confidence_interval":{"confidence_level":0.95,"lower_bound":62794.2402915252,"upper_bound":103725.94589945782},"point_estimate":81116.06678297892,"standard_error":10493.735272356267},"slope":null,"std_dev":{"confidence_interval":{"confidence_level":0.95,"lower_bound":93330.84604443946,"upper_bound":152372.21886655004},"point_estimate":124286.48362516594,"standard_error":15169.859732356594}}