{"mean":{"confidence_interval":{"confidence_level":0.95,"lower_bound":4835234.761818184,"upper_bound":4855841.647181817},"point_estimate":4843928.98909091,"standard_error":5366.911681148398},"median":{"confidence_interval":{"confidence_level":0.95,"lower_bound":4828615.0,"upper_bound":4835142.363636363},"point_estimate":4832183.227272727,"standard_error":1582.077541653991},"median_abs_dev":{"confidence_interval":{"confidence_level":0.95,"lower_bound":9151.75268297808,"upper_bound":15311.349055442131},"point_estimate":12258.540927821563,"standard_error":1549.8705013630047},"slope":null,"std_dev":{"confidence_interval":{"confidence_level":0.95,"lower_bound":16534.572118666452,"upper_bound":84237.70155893479},"point_estimate":53781.5026136447,"standard_error":18662.452523992957}}