{"mean":{"confidence_interval":{"confidence_level":0.95,"lower_bound":2948229.9658235293,"upper_bound":2949495.6781323515},"point_estimate":2948850.0229411763,"standard_error":322.9379882923445},"median":{"confidence_interval":{"confidence_level":0.95,"lower_bound":2947848.117647059,"upper_bound":2949154.0},"point_estimate":2948459.882352941,"standard_error":323.20824599571245},"median_abs_dev":{"confidence_interval":{"confidence_level":0.95,"lower_bound":2045.159451926476,"upper_bound":4002.9763230508024},"point_estimate":3069.8104572646557,"standard_error":515.01674998213},"slope":null,"std_dev":{"confidence_interval":{"confidence_level":0.95,"lower_bound":2713.7020555182144,"upper_bound":3712.588942470008},"point_estimate":3240.5865065166076,"standard_error":255.11633004790835}}