{"mean":{"confidence_interval":{"confidence_level":0.95,"lower_bound":2865804.7998611103,"upper_bound":2870046.7689722213},"point_estimate":2867745.2494444447,"standard_error":1086.0942463771567},"median":{"confidence_interval":{"confidence_level":0.95,"lower_bound":2863304.0,"upper_bound":2865201.222222222},"point_estimate":2864015.1666666665,"standard_error":476.7703325701675},"median_abs_dev":{"confidence_interval":{"confidence_level":0.95,"lower_bound":2298.0299592018127,"upper_bound":4620.770947548701},"point_estimate":3130.015644430884,"standard_error":632.0332986952894},"slope":null,"std_dev":{"confidence_interval":{"confidence_level":0.95,"lower_bound":6443.594284444908,"upper_bound":14833.576550789796},"point_estimate":10953.786883087118,"standard_error":2152.2873666025275}}