{"mean":{"confidence_interval":{"confidence_level":0.95,"lower_bound":2819375.2090138895,"upper_bound":2840872.578874999},"point_estimate":2828097.004444443,"standard_error":5639.305968068536},"median":{"confidence_interval":{"confidence_level":0.95,"lower_bound":2815085.8333333335,"upper_bound":2824444.0555555555},"point_estimate":2821591.3055555555,"standard_error":2667.4901327062607},"median_abs_dev":{"confidence_interval":{"confidence_level":0.95,"lower_bound":14364.540494978428,"upper_bound":28210.212182501913},"point_estimate":20665.59038311243,"standard_error":3559.2227502218816},"slope":null,"std_dev":{"confidence_interval":{"confidence_level":0.95,"lower_bound":19822.742595251217,"upper_bound":92413.60345653114},"point_estimate":57121.15338795558,"standard_error":23418.684856199357}}