{"mean":{"confidence_interval":{"confidence_level":0.95,"lower_bound":4419297.467979169,"upper_bound":4434889.978833333},"point_estimate":4426876.070833333,"standard_error":3984.468506916952},"median":{"confidence_interval":{"confidence_level":0.95,"lower_bound":4407970.583333333,"upper_bound":4432255.916666667},"point_estimate":4417500.541666666,"standard_error":6812.181261209289},"median_abs_dev":{"confidence_interval":{"confidence_level":0.95,"lower_bound":28857.57298767613,"upper_bound":47595.28920501425},"point_estimate":38921.461609005004,"standard_error":4967.086008092213},"slope":null,"std_dev":{"confidence_interval":{"confidence_level":0.95,"lower_bound":33169.35338891293,"upper_bound":46283.26183559686},"point_estimate":40072.84439932932,"standard_error":3363.8171213699}}