{"mean":{"confidence_interval":{"confidence_level":0.95,"lower_bound":4351142.634312503,"upper_bound":4365002.332458334},"point_estimate":4357815.888333332,"standard_error":3555.687058926772},"median":{"confidence_interval":{"confidence_level":0.95,"lower_bound":4344128.833333333,"upper_bound":4354646.0},"point_estimate":4347812.416666666,"standard_error":2570.0998295125196},"median_abs_dev":{"confidence_interval":{"confidence_level":0.95,"lower_bound":14165.74854850815,"upper_bound":28405.503545701504},"point_estimate":20535.05981043004,"standard_error":3628.6087672059784},"slope":null,"std_dev":{"confidence_interval":{"confidence_level":0.95,"lower_bound":28063.43969820033,"upper_bound":42756.61939301634},"point_estimate":35875.17488490639,"standard_error":3756.559858159954}}