{"mean":{"confidence_interval":{"confidence_level":0.95,"lower_bound":3931836.2619807674,"upper_bound":3953873.147634614},"point_estimate":3942289.7123076934,"standard_error":5614.670380042868},"median":{"confidence_interval":{"confidence_level":0.95,"lower_bound":3914171.0,"upper_bound":3923017.3076923075},"point_estimate":3916682.615384615,"standard_error":2002.6816923292924},"median_abs_dev":{"confidence_interval":{"confidence_level":0.95,"lower_bound":9334.904193310518,"upper_bound":20671.517931853523},"point_estimate":13965.179382838267,"standard_error":2726.9402391602644},"slope":null,"std_dev":{"confidence_interval":{"confidence_level":0.95,"lower_bound":41221.29319261094,"upper_bound":70083.29947454814},"point_estimate":56214.38355084285,"standard_error":7400.837499843882}}