{"mean":{"confidence_interval":{"confidence_level":0.95,"lower_bound":4959462.973159094,"upper_bound":4964415.636090912},"point_estimate":4961846.231818183,"standard_error":1266.8335781590629},"median":{"confidence_interval":{"confidence_level":0.95,"lower_bound":4955628.772727273,"upper_bound":4959260.5},"point_estimate":4957406.0,"standard_error":815.691316140843},"median_abs_dev":{"confidence_interval":{"confidence_level":0.95,"lower_bound":5593.445355240945,"upper_bound":11645.216275073466},"point_estimate":8026.39191204889,"standard_error":1581.5488672320962},"slope":null,"std_dev":{"confidence_interval":{"confidence_level":0.95,"lower_bound":10286.683758417652,"upper_bound":14872.754975493037},"point_estimate":12728.94743058531,"standard_error":1167.9291357406337}}