{"mean":{"confidence_interval":{"confidence_level":0.95,"lower_bound":10368514.365549993,"upper_bound":10463061.50439999},"point_estimate":10411993.639999991,"standard_error":24251.825376804958},"median":{"confidence_interval":{"confidence_level":0.95,"lower_bound":10334265.9,"upper_bound":10346655.9},"point_estimate":10339905.8,"standard_error":3270.235626293778},"median_abs_dev":{"confidence_interval":{"confidence_level":0.95,"lower_bound":21527.499877809925,"upper_bound":39170.29130458832},"point_estimate":29340.50521910246,"standard_error":4534.417228790029},"slope":null,"std_dev":{"confidence_interval":{"confidence_level":0.95,"lower_bound":147536.06494010342,"upper_bound":316856.5887080949},"point_estimate":242907.3007264103,"standard_error":43282.95893656075}}