{"mean":{"confidence_interval":{"confidence_level":0.95,"lower_bound":11835098.305350007,"upper_bound":11892737.453950003},"point_estimate":11856931.976000005,"standard_error":15751.700708812772},"median":{"confidence_interval":{"confidence_level":0.95,"lower_bound":11817398.4,"upper_bound":11832528.5},"point_estimate":11827478.4,"standard_error":4193.810782274901},"median_abs_dev":{"confidence_interval":{"confidence_level":0.95,"lower_bound":17836.118756846714,"upper_bound":36042.59840011652},"point_estimate":27976.958023311363,"standard_error":5141.714614131837},"slope":null,"std_dev":{"confidence_interval":{"confidence_level":0.95,"lower_bound":37588.527433179144,"upper_bound":265042.66885993246},"point_estimate":158779.64139965773,"standard_error":77239.83300312581}}