{"mean":{"confidence_interval":{"confidence_level":0.95,"lower_bound":13508619.734624999,"upper_bound":13997395.5959375},"point_estimate":13732659.89,"standard_error":124837.70376822558},"median":{"confidence_interval":{"confidence_level":0.95,"lower_bound":13265300.75,"upper_bound":13802799.625},"point_estimate":13581756.5,"standard_error":163071.80329038532},"median_abs_dev":{"confidence_interval":{"confidence_level":0.95,"lower_bound":677483.6948722601,"upper_bound":1121884.808552561},"point_estimate":854629.5581772923,"standard_error":120326.52741070454},"slope":null,"std_dev":{"confidence_interval":{"confidence_level":0.95,"lower_bound":792492.9186199637,"upper_bound":1784247.0131925743},"point_estimate":1262890.711745533,"standard_error":287741.55955490796}}