{"mean":{"confidence_interval":{"confidence_level":0.95,"lower_bound":13633739.8616875,"upper_bound":13916614.668875},"point_estimate":13757059.46,"standard_error":72868.17122301544},"median":{"confidence_interval":{"confidence_level":0.95,"lower_bound":13578738.0,"upper_bound":13754138.0},"point_estimate":13636440.875,"standard_error":45338.03067746276},"median_abs_dev":{"confidence_interval":{"confidence_level":0.95,"lower_bound":288601.2429513037,"upper_bound":459083.4263140148},"point_estimate":360139.8422062397,"standard_error":43080.035302857425},"slope":null,"std_dev":{"confidence_interval":{"confidence_level":0.95,"lower_bound":358317.51856851263,"upper_bound":1120268.103859257},"point_estimate":735129.7574287702,"standard_error":227006.5916672555}}