{"mean":{"confidence_interval":{"confidence_level":0.95,"lower_bound":11030620.260150004,"upper_bound":11239235.558600001},"point_estimate":11131298.314000001,"standard_error":53227.05417633994},"median":{"confidence_interval":{"confidence_level":0.95,"lower_bound":10920595.4,"upper_bound":11121435.4},"point_estimate":10972685.4,"standard_error":59301.898939008744},"median_abs_dev":{"confidence_interval":{"confidence_level":0.95,"lower_bound":287653.7503731248,"upper_bound":504632.4047809831},"point_estimate":379634.4010001413,"standard_error":56412.15219942278},"slope":null,"std_dev":{"confidence_interval":{"confidence_level":0.95,"lower_bound":439368.4122472162,"upper_bound":621082.2517378818},"point_estimate":537224.0906086757,"standard_error":46363.159843020716}}