{"mean":{"confidence_interval":{"confidence_level":0.95,"lower_bound":6857170.684875,"upper_bound":6870783.20553125},"point_estimate":6863641.655,"standard_error":3488.509771435782},"median":{"confidence_interval":{"confidence_level":0.95,"lower_bound":6847301.875,"upper_bound":6856864.375},"point_estimate":6851541.75,"standard_error":2184.7091831973685},"median_abs_dev":{"confidence_interval":{"confidence_level":0.95,"lower_bound":11672.13894277811,"upper_bound":22483.07262584567},"point_estimate":15604.642710462213,"standard_error":2910.906860668765},"slope":null,"std_dev":{"confidence_interval":{"confidence_level":0.95,"lower_bound":23539.805265569044,"upper_bound":45105.0851574685},"point_estimate":35113.98013889622,"standard_error":5515.631307997882}}