{"mean":{"confidence_interval":{"confidence_level":0.95,"lower_bound":6309190.76959375,"upper_bound":6481133.706281249},"point_estimate":6392096.15125,"standard_error":43848.92969659505},"median":{"confidence_interval":{"confidence_level":0.95,"lower_bound":6194350.375,"upper_bound":6317525.875},"point_estimate":6257431.875,"standard_error":31886.20859704085},"median_abs_dev":{"confidence_interval":{"confidence_level":0.95,"lower_bound":207824.2852728814,"upper_bound":409942.7914967477},"point_estimate":299708.78929160535,"standard_error":52780.583235313425},"slope":null,"std_dev":{"confidence_interval":{"confidence_level":0.95,"lower_bound":354367.54612123966,"upper_bound":514091.36948204733},"point_estimate":441071.1260131739,"standard_error":40843.72714121065}}