{"mean":{"confidence_interval":{"confidence_level":0.95,"lower_bound":7204298.5877142865,"upper_bound":7250751.751142859},"point_estimate":7227792.7114285715,"standard_error":11873.991923900405},"median":{"confidence_interval":{"confidence_level":0.95,"lower_bound":7205630.714285715,"upper_bound":7272736.071428571},"point_estimate":7237918.642857143,"standard_error":16820.602600854723},"median_abs_dev":{"confidence_interval":{"confidence_level":0.95,"lower_bound":92574.38955647594,"upper_bound":153896.10116779804},"point_estimate":126582.1618527174,"standard_error":14775.622939006065},"slope":null,"std_dev":{"confidence_interval":{"confidence_level":0.95,"lower_bound":102732.34191991735,"upper_bound":133376.68185017037},"point_estimate":118779.702715699,"standard_error":7785.941835117316}}