{"mean":{"confidence_interval":{"confidence_level":0.95,"lower_bound":7756324.568071429,"upper_bound":7838889.703428569},"point_estimate":7797666.742857145,"standard_error":21018.595656841855},"median":{"confidence_interval":{"confidence_level":0.95,"lower_bound":7757130.285714285,"upper_bound":7866495.857142857},"point_estimate":7811684.571428571,"standard_error":28270.988020928045},"median_abs_dev":{"confidence_interval":{"confidence_level":0.95,"lower_bound":153648.71877219045,"upper_bound":261606.56565555406},"point_estimate":220736.897081136,"standard_error":27760.329879032764},"slope":null,"std_dev":{"confidence_interval":{"confidence_level":0.95,"lower_bound":181049.986924751,"upper_bound":239193.45687090195},"point_estimate":211469.72164323676,"standard_error":14803.667232728709}}