{"mean":{"confidence_interval":{"confidence_level":0.95,"lower_bound":6136096.762250002,"upper_bound":6165719.676444446},"point_estimate":6150514.665555557,"standard_error":7552.178020649592},"median":{"confidence_interval":{"confidence_level":0.95,"lower_bound":6110469.666666667,"upper_bound":6153920.222222222},"point_estimate":6133675.555555556,"standard_error":10203.32499669498},"median_abs_dev":{"confidence_interval":{"confidence_level":0.95,"lower_bound":48893.593765298836,"upper_bound":86832.17395842075},"point_estimate":68011.14385922765,"standard_error":9465.778783409258},"slope":null,"std_dev":{"confidence_interval":{"confidence_level":0.95,"lower_bound":62198.4452524446,"upper_bound":89048.67062925085},"point_estimate":76386.71297241843,"standard_error":6834.480799877289}}