{"mean":{"confidence_interval":{"confidence_level":0.95,"lower_bound":7963905.63682143,"upper_bound":8163247.701357141},"point_estimate":8060125.241428572,"standard_error":50648.79512217067},"median":{"confidence_interval":{"confidence_level":0.95,"lower_bound":7817990.0,"upper_bound":8100283.0},"point_estimate":7983568.642857143,"standard_error":65711.17709557839},"median_abs_dev":{"confidence_interval":{"confidence_level":0.95,"lower_bound":297323.72277144884,"upper_bound":498852.74294359336},"point_estimate":365567.0053098875,"standard_error":55930.50361235965},"slope":null,"std_dev":{"confidence_interval":{"confidence_level":0.95,"lower_bound":385026.6856004496,"upper_bound":629037.8619431753},"point_estimate":510116.0511658811,"standard_error":62811.06906957535}}