{"mean":{"confidence_interval":{"confidence_level":0.95,"lower_bound":7147392.801357145,"upper_bound":7174179.78},"point_estimate":7160449.058571432,"standard_error":6849.159074643153},"median":{"confidence_interval":{"confidence_level":0.95,"lower_bound":7135581.428571428,"upper_bound":7149739.285714285},"point_estimate":7140845.928571429,"standard_error":3641.57463974893},"median_abs_dev":{"confidence_interval":{"confidence_level":0.95,"lower_bound":23701.69037921144,"upper_bound":47434.93895786159},"point_estimate":33095.3379124403,"standard_error":5822.368048553841},"slope":null,"std_dev":{"confidence_interval":{"confidence_level":0.95,"lower_bound":53695.06314692128,"upper_bound":82241.6259457965},"point_estimate":68942.74526779773,"standard_error":7276.47172735531}}