{"mean":{"confidence_interval":{"confidence_level":0.95,"lower_bound":6913796.870875,"upper_bound":6923498.668062501},"point_estimate":6918488.68375,"standard_error":2496.627078730601},"median":{"confidence_interval":{"confidence_level":0.95,"lower_bound":6908568.125,"upper_bound":6916287.0},"point_estimate":6913187.0,"standard_error":2417.319181541858},"median_abs_dev":{"confidence_interval":{"confidence_level":0.95,"lower_bound":14928.113809973001,"upper_bound":25389.895199239254},"point_estimate":20914.111203700304,"standard_error":2635.315834757558},"slope":null,"std_dev":{"confidence_interval":{"confidence_level":0.95,"lower_bound":19557.121084050967,"upper_bound":30025.390785588053},"point_estimate":25066.263558236533,"standard_error":2676.308175018133}}