{"mean":{"confidence_interval":{"confidence_level":0.95,"lower_bound":6381240.11615625,"upper_bound":6460874.745124999},"point_estimate":6419750.1075,"standard_error":20357.398108512745},"median":{"confidence_interval":{"confidence_level":0.95,"lower_bound":6330396.375,"upper_bound":6416471.5},"point_estimate":6359590.25,"standard_error":18503.33468022437},"median_abs_dev":{"confidence_interval":{"confidence_level":0.95,"lower_bound":126558.5329156369,"upper_bound":215107.00166858733},"point_estimate":157276.24378278852,"standard_error":22015.562661361375},"slope":null,"std_dev":{"confidence_interval":{"confidence_level":0.95,"lower_bound":163371.47759856156,"upper_bound":241070.5581657439},"point_estimate":204901.22813518523,"standard_error":19830.11545393652}}