{"mean":{"confidence_interval":{"confidence_level":0.95,"lower_bound":6595023.465875,"upper_bound":6627419.89828125},"point_estimate":6610806.99625,"standard_error":8264.127532952089},"median":{"confidence_interval":{"confidence_level":0.95,"lower_bound":6572290.8125,"upper_bound":6592016.0},"point_estimate":6582534.625,"standard_error":5815.653540123332},"median_abs_dev":{"confidence_interval":{"confidence_level":0.95,"lower_bound":40586.54492944479,"upper_bound":96990.48566557467},"point_estimate":64428.69841866195,"standard_error":14475.844070592226},"slope":null,"std_dev":{"confidence_interval":{"confidence_level":0.95,"lower_bound":70702.56585865315,"upper_bound":93810.91078628876},"point_estimate":83155.18220826711,"standard_error":5893.599617170749}}