{"mean":{"confidence_interval":{"confidence_level":0.95,"lower_bound":6851886.024656249,"upper_bound":7013083.62609375},"point_estimate":6933071.935,"standard_error":40974.34159060902},"median":{"confidence_interval":{"confidence_level":0.95,"lower_bound":6871601.5625,"upper_bound":7005336.125},"point_estimate":6940350.125,"standard_error":33713.11823781648},"median_abs_dev":{"confidence_interval":{"confidence_level":0.95,"lower_bound":300738.82562331855,"upper_bound":594796.4997902513},"point_estimate":456682.4900172651,"standard_error":77662.51984985608},"slope":null,"std_dev":{"confidence_interval":{"confidence_level":0.95,"lower_bound":362178.4061362461,"upper_bound":456288.6822857147},"point_estimate":412732.9389860804,"standard_error":23958.028607437733}}