{"mean":{"confidence_interval":{"confidence_level":0.95,"lower_bound":7256174.933678572,"upper_bound":7344708.592035719},"point_estimate":7299478.092857144,"standard_error":22618.330486991916},"median":{"confidence_interval":{"confidence_level":0.95,"lower_bound":7231034.428571428,"upper_bound":7323399.142857143},"point_estimate":7277841.857142856,"standard_error":25008.41596394781},"median_abs_dev":{"confidence_interval":{"confidence_level":0.95,"lower_bound":136420.17107305743,"upper_bound":226352.24448144436},"point_estimate":185114.57341355926,"standard_error":23589.118660135686},"slope":null,"std_dev":{"confidence_interval":{"confidence_level":0.95,"lower_bound":176907.18795547445,"upper_bound":276834.0266732264},"point_estimate":227619.3910482243,"standard_error":25633.40891752325}}