{"mean":{"confidence_interval":{"confidence_level":0.95,"lower_bound":6516291.88484375,"upper_bound":6536470.7080625},"point_estimate":6526099.3075,"standard_error":5146.854579660996},"median":{"confidence_interval":{"confidence_level":0.95,"lower_bound":6497447.25,"upper_bound":6537797.875},"point_estimate":6510291.25,"standard_error":10328.103102692694},"median_abs_dev":{"confidence_interval":{"confidence_level":0.95,"lower_bound":34220.81661745906,"upper_bound":64679.35047671199},"point_estimate":50455.47165423632,"standard_error":7740.600167964896},"slope":null,"std_dev":{"confidence_interval":{"confidence_level":0.95,"lower_bound":44457.984434824175,"upper_bound":58158.383030638855},"point_estimate":51736.243751848044,"standard_error":3506.9607007901027}}