{"mean":{"confidence_interval":{"confidence_level":0.95,"lower_bound":6014930.065583333,"upper_bound":6030207.002305555},"point_estimate":6022300.248888891,"standard_error":3903.054028074446},"median":{"confidence_interval":{"confidence_level":0.95,"lower_bound":6006992.5,"upper_bound":6016411.222222222},"point_estimate":6010928.222222222,"standard_error":2506.1983025433146},"median_abs_dev":{"confidence_interval":{"confidence_level":0.95,"lower_bound":14363.510911662606,"upper_bound":30845.49245238304},"point_estimate":20277.025640010605,"standard_error":4084.899492221947},"slope":null,"std_dev":{"confidence_interval":{"confidence_level":0.95,"lower_bound":30327.097080501346,"upper_bound":47263.695158343355},"point_estimate":39184.14495242442,"standard_error":4342.379330307037}}