{"mean":{"confidence_interval":{"confidence_level":0.95,"lower_bound":9989032.441050004,"upper_bound":10171103.004300002},"point_estimate":10076869.239999998,"standard_error":46544.74362146014},"median":{"confidence_interval":{"confidence_level":0.95,"lower_bound":9884905.8,"upper_bound":10055600.4},"point_estimate":9967319.1,"standard_error":39618.618181989135},"median_abs_dev":{"confidence_interval":{"confidence_level":0.95,"lower_bound":232510.6682521116,"upper_bound":455283.6198771022},"point_estimate":326288.82308721513,"standard_error":57586.04736150769},"slope":null,"std_dev":{"confidence_interval":{"confidence_level":0.95,"lower_bound":369778.8995382933,"upper_bound":549786.6368895114},"point_estimate":466838.4729348513,"standard_error":46033.219744858856}}