{"mean":{"confidence_interval":{"confidence_level":0.95,"lower_bound":8682240.618291667,"upper_bound":8695218.618666671},"point_estimate":8687990.118333334,"standard_error":3343.883902810446},"median":{"confidence_interval":{"confidence_level":0.95,"lower_bound":8680374.833333334,"upper_bound":8687341.416666668},"point_estimate":8683366.416666668,"standard_error":1794.2627981683963},"median_abs_dev":{"confidence_interval":{"confidence_level":0.95,"lower_bound":11836.089789866941,"upper_bound":18421.428222952432},"point_estimate":15295.489728452616,"standard_error":1646.6502735988042},"slope":null,"std_dev":{"confidence_interval":{"confidence_level":0.95,"lower_bound":14849.327013940918,"upper_bound":49333.81878513575},"point_estimate":33591.49282952272,"standard_error":9240.128654018237}}