{"mean":{"confidence_interval":{"confidence_level":0.95,"lower_bound":3949929.6354423077,"upper_bound":3956011.4454230773},"point_estimate":3952859.2300000004,"standard_error":1549.6549419773653},"median":{"confidence_interval":{"confidence_level":0.95,"lower_bound":3944661.0,"upper_bound":3952599.576923077},"point_estimate":3946880.269230769,"standard_error":2292.5081295138857},"median_abs_dev":{"confidence_interval":{"confidence_level":0.95,"lower_bound":8108.852463731877,"upper_bound":15510.504740018376},"point_estimate":11975.07403355389,"standard_error":1939.55434177822},"slope":null,"std_dev":{"confidence_interval":{"confidence_level":0.95,"lower_bound":12400.063948904255,"upper_bound":18576.97605480113},"point_estimate":15621.331548478776,"standard_error":1576.956658132395}}