{"mean":{"confidence_interval":{"confidence_level":0.95,"lower_bound":11406484.35755,"upper_bound":11496392.589100003},"point_estimate":11446947.310000002,"standard_error":23048.882568317276},"median":{"confidence_interval":{"confidence_level":0.95,"lower_bound":11389632.0,"upper_bound":11476372.8},"point_estimate":11435752.4,"standard_error":19818.977248634135},"median_abs_dev":{"confidence_interval":{"confidence_level":0.95,"lower_bound":123131.1101874869,"upper_bound":205386.3534736636},"point_estimate":176237.99321115072,"standard_error":21276.598190050583},"slope":null,"std_dev":{"confidence_interval":{"confidence_level":0.95,"lower_bound":137613.27851757724,"upper_bound":338550.5893447246},"point_estimate":232625.48407671144,"standard_error":59971.16679355885}}