{"mean":{"confidence_interval":{"confidence_level":0.95,"lower_bound":10078186.634599997,"upper_bound":10229947.395649996},"point_estimate":10150807.533999993,"standard_error":38872.26810325339},"median":{"confidence_interval":{"confidence_level":0.95,"lower_bound":9964137.8,"upper_bound":9980557.8},"point_estimate":9971427.7,"standard_error":4221.737517698913},"median_abs_dev":{"confidence_interval":{"confidence_level":0.95,"lower_bound":17435.523950458402,"upper_bound":34604.03164565646},"point_estimate":24062.745832803073,"standard_error":4545.653209838122},"slope":null,"std_dev":{"confidence_interval":{"confidence_level":0.95,"lower_bound":304295.4098627634,"upper_bound":455955.42991484347},"point_estimate":390663.98516824667,"standard_error":38780.01350624842}}