{"mean":{"confidence_interval":{"confidence_level":0.95,"lower_bound":11821116.039849997,"upper_bound":11828804.333449995},"point_estimate":11824738.677999992,"standard_error":1959.732655130912},"median":{"confidence_interval":{"confidence_level":0.95,"lower_bound":11818306.4,"upper_bound":11824506.4},"point_estimate":11821709.7,"standard_error":1538.1382665416086},"median_abs_dev":{"confidence_interval":{"confidence_level":0.95,"lower_bound":9577.740383459233,"upper_bound":15611.929689333621},"point_estimate":12093.419725299435,"standard_error":1588.8751504649488},"slope":null,"std_dev":{"confidence_interval":{"confidence_level":0.95,"lower_bound":12839.735135374838,"upper_bound":25708.276679118226},"point_estimate":19721.186232928703,"standard_error":3267.607388056035}}