{"mean":{"confidence_interval":{"confidence_level":0.95,"lower_bound":11145444.097799998,"upper_bound":11153096.8823},"point_estimate":11149094.575999998,"standard_error":1952.667154772785},"median":{"confidence_interval":{"confidence_level":0.95,"lower_bound":11141272.0,"upper_bound":11147292.2},"point_estimate":11142672.0,"standard_error":1581.4735038375784},"median_abs_dev":{"confidence_interval":{"confidence_level":0.95,"lower_bound":9429.48409259264,"upper_bound":15686.204241513102},"point_estimate":11920.400308369486,"standard_error":1607.8893172848254},"slope":null,"std_dev":{"confidence_interval":{"confidence_level":0.95,"lower_bound":14111.061627873443,"upper_bound":24625.09492844711},"point_estimate":19617.154042075723,"standard_error":2718.545945913241}}