{"mean":{"confidence_interval":{"confidence_level":0.95,"lower_bound":10001689.997450005,"upper_bound":10104919.295999998},"point_estimate":10048623.624,"standard_error":26419.98411686184},"median":{"confidence_interval":{"confidence_level":0.95,"lower_bound":9964464.4,"upper_bound":9989964.8},"point_estimate":9975142.8,"standard_error":6292.989779974529},"median_abs_dev":{"confidence_interval":{"confidence_level":0.95,"lower_bound":42595.69028377588,"upper_bound":79545.79183428147},"point_estimate":60873.62753927735,"standard_error":10030.662165496657},"slope":null,"std_dev":{"confidence_interval":{"confidence_level":0.95,"lower_bound":142245.22283961272,"upper_bound":363926.0644519056},"point_estimate":265396.96091641166,"standard_error":56361.236794780394}}