{"mean":{"confidence_interval":{"confidence_level":0.95,"lower_bound":11353393.348650007,"upper_bound":11570086.3118},"point_estimate":11453138.256000001,"standard_error":55112.090381212205},"median":{"confidence_interval":{"confidence_level":0.95,"lower_bound":11241181.7,"upper_bound":11453761.4},"point_estimate":11351752.2,"standard_error":61594.090373871826},"median_abs_dev":{"confidence_interval":{"confidence_level":0.95,"lower_bound":299127.39141842915,"upper_bound":495842.21779703954},"point_estimate":374505.64291119523,"standard_error":47633.71571517266},"slope":null,"std_dev":{"confidence_interval":{"confidence_level":0.95,"lower_bound":371181.8225653005,"upper_bound":760699.729081114},"point_estimate":556097.7821455286,"standard_error":107773.82760594662}}