{"mean":{"confidence_interval":{"confidence_level":0.95,"lower_bound":11582977.690449998,"upper_bound":11797246.936999999},"point_estimate":11686267.105999999,"standard_error":54997.223154440835},"median":{"confidence_interval":{"confidence_level":0.95,"lower_bound":11432613.2,"upper_bound":11598459.0},"point_estimate":11490865.4,"standard_error":39107.22164878254},"median_abs_dev":{"confidence_interval":{"confidence_level":0.95,"lower_bound":280133.11374664336,"upper_bound":517954.51070196973},"point_estimate":382095.6652164459,"standard_error":64002.23788876622},"slope":null,"std_dev":{"confidence_interval":{"confidence_level":0.95,"lower_bound":454005.55453289836,"upper_bound":645672.9998668281},"point_estimate":556254.5654695977,"standard_error":48964.68476112934}}