{"mean":{"confidence_interval":{"confidence_level":0.95,"lower_bound":11926508.72,"upper_bound":12129680.814000001},"point_estimate":12028424.096,"standard_error":52267.01869181531},"median":{"confidence_interval":{"confidence_level":0.95,"lower_bound":11961257.7,"upper_bound":12163583.8},"point_estimate":12072380.1,"standard_error":56118.01455623395},"median_abs_dev":{"confidence_interval":{"confidence_level":0.95,"lower_bound":411464.3398350455,"upper_bound":755822.3501014712},"point_estimate":607226.2473195791,"standard_error":90849.395264404},"slope":null,"std_dev":{"confidence_interval":{"confidence_level":0.95,"lower_bound":455950.6917000489,"upper_bound":588056.2655595697},"point_estimate":524667.4639362912,"standard_error":33941.24784938864}}