{"mean":{"confidence_interval":{"confidence_level":0.95,"lower_bound":10818140.848100005,"upper_bound":10846795.264750002},"point_estimate":10830614.841999993,"standard_error":7336.026061967632},"median":{"confidence_interval":{"confidence_level":0.95,"lower_bound":10803822.2,"upper_bound":10817762.6},"point_estimate":10812342.2,"standard_error":3709.427322948584},"median_abs_dev":{"confidence_interval":{"confidence_level":0.95,"lower_bound":15982.72423625158,"upper_bound":31609.772738814354},"point_estimate":22150.340126751747,"standard_error":4507.426290082838},"slope":null,"std_dev":{"confidence_interval":{"confidence_level":0.95,"lower_bound":29937.92604371275,"upper_bound":110395.72462461956},"point_estimate":73972.56409443222,"standard_error":21298.386900586425}}