{"mean":{"confidence_interval":{"confidence_level":0.95,"lower_bound":10289102.510550003,"upper_bound":10298880.007650007},"point_estimate":10293832.594000004,"standard_error":2491.9744915468964},"median":{"confidence_interval":{"confidence_level":0.95,"lower_bound":10281897.399999999,"upper_bound":10295016.0},"point_estimate":10286477.5,"standard_error":3685.5026893429726},"median_abs_dev":{"confidence_interval":{"confidence_level":0.95,"lower_bound":15745.508240460245,"upper_bound":27221.339827225605},"point_estimate":21273.085722327232,"standard_error":3043.246655554451},"slope":null,"std_dev":{"confidence_interval":{"confidence_level":0.95,"lower_bound":20194.689464666495,"upper_bound":29566.157610311275},"point_estimate":25124.6207092043,"standard_error":2388.69319409515}}