{"mean":{"confidence_interval":{"confidence_level":0.95,"lower_bound":4820715.793272725,"upper_bound":4928331.602136362},"point_estimate":4874204.96181818,"standard_error":27398.411608875613},"median":{"confidence_interval":{"confidence_level":0.95,"lower_bound":4737717.636363637,"upper_bound":5033365.909090909},"point_estimate":4871127.545454545,"standard_error":74284.92324095257},"median_abs_dev":{"confidence_interval":{"confidence_level":0.95,"lower_bound":244389.48837031025,"upper_bound":386488.81111117906},"point_estimate":352630.338557742,"standard_error":35561.135294565815},"slope":null,"std_dev":{"confidence_interval":{"confidence_level":0.95,"lower_bound":243210.77764459714,"upper_bound":308564.32911940897},"point_estimate":276169.3562152454,"standard_error":16740.557911889176}}