{"mean":{"confidence_interval":{"confidence_level":0.95,"lower_bound":4352557.1748124985,"upper_bound":4381015.981333332},"point_estimate":4366556.651666666,"standard_error":7265.160629436306},"median":{"confidence_interval":{"confidence_level":0.95,"lower_bound":4338977.875,"upper_bound":4378066.083333333},"point_estimate":4356674.166666666,"standard_error":10625.37147937489},"median_abs_dev":{"confidence_interval":{"confidence_level":0.95,"lower_bound":55895.5016076551,"upper_bound":98125.81748291804},"point_estimate":72358.78591537429,"standard_error":11029.522362058997},"slope":null,"std_dev":{"confidence_interval":{"confidence_level":0.95,"lower_bound":63887.93123983463,"upper_bound":80691.91539758405},"point_estimate":73101.95419275359,"standard_error":4286.144892951061}}