{"mean":{"confidence_interval":{"confidence_level":0.95,"lower_bound":4279885.655208333,"upper_bound":4297343.629624999},"point_estimate":4288214.311666665,"standard_error":4440.400841155068},"median":{"confidence_interval":{"confidence_level":0.95,"lower_bound":4269849.375,"upper_bound":4283370.083333333},"point_estimate":4275978.5,"standard_error":3290.288722994762},"median_abs_dev":{"confidence_interval":{"confidence_level":0.95,"lower_bound":20842.637529968295,"upper_bound":38269.179395585794},"point_estimate":28731.2431149187,"standard_error":4694.013902519323},"slope":null,"std_dev":{"confidence_interval":{"confidence_level":0.95,"lower_bound":34150.04948091247,"upper_bound":53750.286315790974},"point_estimate":44552.92263368146,"standard_error":5033.584978154562}}