{"mean":{"confidence_interval":{"confidence_level":0.95,"lower_bound":5677974.2318888875,"upper_bound":5701528.307555554},"point_estimate":5689443.060000001,"standard_error":6006.1877895993},"median":{"confidence_interval":{"confidence_level":0.95,"lower_bound":5667716.0,"upper_bound":5693344.277777778},"point_estimate":5679994.0,"standard_error":6488.377759814786},"median_abs_dev":{"confidence_interval":{"confidence_level":0.95,"lower_bound":40681.80197775364,"upper_bound":64041.89426302888},"point_estimate":53861.127343774075,"standard_error":5893.154016137203},"slope":null,"std_dev":{"confidence_interval":{"confidence_level":0.95,"lower_bound":49986.76565457156,"upper_bound":69024.98935484802},"point_estimate":60164.02503661694,"standard_error":4863.349293485736}}