{"mean":{"confidence_interval":{"confidence_level":0.95,"lower_bound":5537247.8049499905,"upper_bound":5539899.82512499},"point_estimate":5538522.005999991,"standard_error":675.9437681904616},"median":{"confidence_interval":{"confidence_level":0.95,"lower_bound":5535603.0,"upper_bound":5538742.9},"point_estimate":5536557.95,"standard_error":748.7115710566303},"median_abs_dev":{"confidence_interval":{"confidence_level":0.95,"lower_bound":3943.7159299850464,"upper_bound":6516.026884317398},"point_estimate":5404.076904058456,"standard_error":639.0784902705452},"slope":null,"std_dev":{"confidence_interval":{"confidence_level":0.95,"lower_bound":5303.797569634783,"upper_bound":8431.884443581306},"point_estimate":6852.616685305031,"standard_error":806.1529863329564}}