{"mean":{"confidence_interval":{"confidence_level":0.95,"lower_bound":3797237.656678571,"upper_bound":3814788.4031071425},"point_estimate":3805903.9214285715,"standard_error":4480.908994838924},"median":{"confidence_interval":{"confidence_level":0.95,"lower_bound":3776274.6428571427,"upper_bound":3789992.5357142854},"point_estimate":3781815.0357142854,"standard_error":4164.735521361786},"median_abs_dev":{"confidence_interval":{"confidence_level":0.95,"lower_bound":17044.12814740609,"upper_bound":42216.45180050801},"point_estimate":25441.309648326565,"standard_error":6748.514918285308},"slope":null,"std_dev":{"confidence_interval":{"confidence_level":0.95,"lower_bound":40810.407749605096,"upper_bound":48317.939028468405},"point_estimate":45152.584891926665,"standard_error":1915.8317602502343}}