{"mean":{"confidence_interval":{"confidence_level":0.95,"lower_bound":5207224.007449999,"upper_bound":5212964.841550001},"point_estimate":5210021.876,"standard_error":1466.652668238363},"median":{"confidence_interval":{"confidence_level":0.95,"lower_bound":5205973.3,"upper_bound":5212053.3},"point_estimate":5209463.3,"standard_error":1399.00122748128},"median_abs_dev":{"confidence_interval":{"confidence_level":0.95,"lower_bound":8710.12658536486,"upper_bound":14833.19219990831},"point_estimate":10630.019421279569,"standard_error":1618.2049991248389},"slope":null,"std_dev":{"confidence_interval":{"confidence_level":0.95,"lower_bound":11179.59628737054,"upper_bound":18359.87810872967},"point_estimate":14698.44471837806,"standard_error":1870.1344858724133}}