{"mean":{"confidence_interval":{"confidence_level":0.95,"lower_bound":5506237.8584,"upper_bound":5509631.591024998},"point_estimate":5507885.138999999,"standard_error":867.0197847057286},"median":{"confidence_interval":{"confidence_level":0.95,"lower_bound":5504930.8,"upper_bound":5507818.85},"point_estimate":5506503.85,"standard_error":760.1535021126512},"median_abs_dev":{"confidence_interval":{"confidence_level":0.95,"lower_bound":5006.665981113497,"upper_bound":9822.373085618157},"point_estimate":7316.779130101342,"standard_error":1363.1506924705513},"slope":null,"std_dev":{"confidence_interval":{"confidence_level":0.95,"lower_bound":7144.3049451436955,"upper_bound":10128.906748431406},"point_estimate":8703.155629801415,"standard_error":762.250916086421}}