{"mean":{"confidence_interval":{"confidence_level":0.95,"lower_bound":5652277.243166668,"upper_bound":5663356.522444446},"point_estimate":5657588.368888889,"standard_error":2817.7850108861035},"median":{"confidence_interval":{"confidence_level":0.95,"lower_bound":5643663.0,"upper_bound":5652906.0},"point_estimate":5646350.388888889,"standard_error":2505.0165827517135},"median_abs_dev":{"confidence_interval":{"confidence_level":0.95,"lower_bound":11449.295930068465,"upper_bound":24537.359031041848},"point_estimate":17683.216986060605,"standard_error":3535.3710778341565},"slope":null,"std_dev":{"confidence_interval":{"confidence_level":0.95,"lower_bound":22291.58009168571,"upper_bound":33376.225412679276},"point_estimate":28265.319871550124,"standard_error":2821.5086730735034}}