{"mean":{"confidence_interval":{"confidence_level":0.95,"lower_bound":5284349.429175002,"upper_bound":5335027.180575002},"point_estimate":5306059.109000002,"standard_error":13128.352532325742},"median":{"confidence_interval":{"confidence_level":0.95,"lower_bound":5272834.25,"upper_bound":5282094.2},"point_estimate":5278139.3,"standard_error":2601.4052686381583},"median_abs_dev":{"confidence_interval":{"confidence_level":0.95,"lower_bound":11623.583793640137,"upper_bound":24166.233164214143},"point_estimate":17190.67256480483,"standard_error":3261.5514122250056},"slope":null,"std_dev":{"confidence_interval":{"confidence_level":0.95,"lower_bound":22474.39019236732,"upper_bound":199521.61932145126},"point_estimate":131898.20264734558,"standard_error":44391.10106586035}}