{"mean":{"confidence_interval":{"confidence_level":0.95,"lower_bound":6359727.4589375,"upper_bound":6449166.8468125},"point_estimate":6402471.8825,"standard_error":22919.646631198313},"median":{"confidence_interval":{"confidence_level":0.95,"lower_bound":6305864.125,"upper_bound":6384435.8125},"point_estimate":6331315.0625,"standard_error":19097.55930499302},"median_abs_dev":{"confidence_interval":{"confidence_level":0.95,"lower_bound":117834.17337052524,"upper_bound":215914.18700831887},"point_estimate":166233.55684876442,"standard_error":25652.85806994186},"slope":null,"std_dev":{"confidence_interval":{"confidence_level":0.95,"lower_bound":177475.65472119136,"upper_bound":288348.53578222846},"point_estimate":230255.4310493723,"standard_error":29264.028171056965}}