{"mean":{"confidence_interval":{"confidence_level":0.95,"lower_bound":5617453.791166665,"upper_bound":5621389.878444443},"point_estimate":5619288.399999998,"standard_error":1006.540285683149},"median":{"confidence_interval":{"confidence_level":0.95,"lower_bound":5615579.444444444,"upper_bound":5617351.666666667},"point_estimate":5616229.444444444,"standard_error":444.94752252890817},"median_abs_dev":{"confidence_interval":{"confidence_level":0.95,"lower_bound":3237.174675861381,"upper_bound":6325.924621025338},"point_estimate":4439.645621180534,"standard_error":844.3797392825336},"slope":null,"std_dev":{"confidence_interval":{"confidence_level":0.95,"lower_bound":6352.225414494132,"upper_bound":13697.608651406035},"point_estimate":10066.514615684713,"standard_error":1917.037162732645}}