{"mean":{"confidence_interval":{"confidence_level":0.95,"lower_bound":6543450.9965625,"upper_bound":6679667.643781249},"point_estimate":6609088.135,"standard_error":34763.591989174536},"median":{"confidence_interval":{"confidence_level":0.95,"lower_bound":6503953.5,"upper_bound":6625984.5625},"point_estimate":6563684.625,"standard_error":31788.718978054614},"median_abs_dev":{"confidence_interval":{"confidence_level":0.95,"lower_bound":203217.75449216366,"upper_bound":324346.4039979502},"point_estimate":251281.32907636464,"standard_error":30343.201803689524},"slope":null,"std_dev":{"confidence_interval":{"confidence_level":0.95,"lower_bound":269625.5204957501,"upper_bound":425562.2450930982},"point_estimate":349711.02980448195,"standard_error":40012.405750910584}}