{"mean":{"confidence_interval":{"confidence_level":0.95,"lower_bound":6003870.934361113,"upper_bound":6008766.005083332},"point_estimate":6006182.263333335,"standard_error":1250.4007695351536},"median":{"confidence_interval":{"confidence_level":0.95,"lower_bound":6000209.666666667,"upper_bound":6004528.666666666},"point_estimate":6001849.722222222,"standard_error":1168.7510869940654},"median_abs_dev":{"confidence_interval":{"confidence_level":0.95,"lower_bound":4909.217979510318,"upper_bound":9709.423677623412},"point_estimate":6663.545581698418,"standard_error":1254.8455202077528},"slope":null,"std_dev":{"confidence_interval":{"confidence_level":0.95,"lower_bound":9062.586750605986,"upper_bound":15584.67428369214},"point_estimate":12536.869373040534,"standard_error":1664.7772832840699}}