{"mean":{"confidence_interval":{"confidence_level":0.95,"lower_bound":6056641.155972223,"upper_bound":6157507.186305557},"point_estimate":6105882.018888887,"standard_error":25787.230663695165},"median":{"confidence_interval":{"confidence_level":0.95,"lower_bound":6005028.222222222,"upper_bound":6112415.888888889},"point_estimate":6059762.333333334,"standard_error":28039.020701854268},"median_abs_dev":{"confidence_interval":{"confidence_level":0.95,"lower_bound":168889.3052349491,"upper_bound":288399.9326440443},"point_estimate":224344.80411708355,"standard_error":30589.454168112126},"slope":null,"std_dev":{"confidence_interval":{"confidence_level":0.95,"lower_bound":214369.52647422106,"upper_bound":306469.23529623274},"point_estimate":260225.89825017564,"standard_error":23703.030799253036}}