{"mean":{"confidence_interval":{"confidence_level":0.95,"lower_bound":7285498.698535713,"upper_bound":7372487.689071429},"point_estimate":7327676.008571427,"standard_error":22280.86894506758},"median":{"confidence_interval":{"confidence_level":0.95,"lower_bound":7243899.857142857,"upper_bound":7328824.0},"point_estimate":7278974.142857143,"standard_error":19409.810988504996},"median_abs_dev":{"confidence_interval":{"confidence_level":0.95,"lower_bound":149717.49904198296,"upper_bound":266811.9556306407},"point_estimate":202639.32870243298,"standard_error":30441.08574323196},"slope":null,"std_dev":{"confidence_interval":{"confidence_level":0.95,"lower_bound":185814.1083990704,"upper_bound":258555.96102355694},"point_estimate":224238.85507027849,"standard_error":18561.578469031185}}