{"mean":{"confidence_interval":{"confidence_level":0.95,"lower_bound":5661278.493525002,"upper_bound":5854647.388374999},"point_estimate":5752253.718000002,"standard_error":49142.677301965305},"median":{"confidence_interval":{"confidence_level":0.95,"lower_bound":5512147.1,"upper_bound":5623042.75},"point_estimate":5569557.7,"standard_error":26078.700394053485},"median_abs_dev":{"confidence_interval":{"confidence_level":0.95,"lower_bound":167756.33528172915,"upper_bound":341139.43398356356},"point_estimate":248476.71323865652,"standard_error":44211.74663957851},"slope":null,"std_dev":{"confidence_interval":{"confidence_level":0.95,"lower_bound":362162.41280285374,"upper_bound":613264.5078442167},"point_estimate":493901.4528160798,"standard_error":64196.56961712049}}