{"mean":{"confidence_interval":{"confidence_level":0.95,"lower_bound":7239550.846857139,"upper_bound":7251305.493357142},"point_estimate":7245057.718571429,"standard_error":3009.574990993178},"median":{"confidence_interval":{"confidence_level":0.95,"lower_bound":7231684.285714285,"upper_bound":7240955.571428572},"point_estimate":7237654.142857143,"standard_error":2580.522844927091},"median_abs_dev":{"confidence_interval":{"confidence_level":0.95,"lower_bound":12814.005672506022,"upper_bound":23025.124413722704},"point_estimate":18343.36227433963,"standard_error":2537.8817145089174},"slope":null,"std_dev":{"confidence_interval":{"confidence_level":0.95,"lower_bound":20255.433105851098,"upper_bound":39223.979157558795},"point_estimate":30173.520901978285,"standard_error":4880.12876367188}}