{"mean":{"confidence_interval":{"confidence_level":0.95,"lower_bound":7664950.311249997,"upper_bound":7673233.603357141},"point_estimate":7668846.395714288,"standard_error":2130.3929932771634},"median":{"confidence_interval":{"confidence_level":0.95,"lower_bound":7658629.142857143,"upper_bound":7665243.5},"point_estimate":7661929.214285715,"standard_error":1764.919124925312},"median_abs_dev":{"confidence_interval":{"confidence_level":0.95,"lower_bound":7497.825766885997,"upper_bound":14509.597017401702},"point_estimate":10453.494714412976,"standard_error":1928.7340893522958},"slope":null,"std_dev":{"confidence_interval":{"confidence_level":0.95,"lower_bound":15106.073993434607,"upper_bound":26669.17986119686},"point_estimate":21273.120714986355,"standard_error":2951.280086876244}}