{"mean":{"confidence_interval":{"confidence_level":0.95,"lower_bound":14654636.75275,"upper_bound":15059062.094999999},"point_estimate":14853188.8075,"standard_error":103261.37515832421},"median":{"confidence_interval":{"confidence_level":0.95,"lower_bound":14380754.75,"upper_bound":14765805.75},"point_estimate":14613380.25,"standard_error":121539.79531807733},"median_abs_dev":{"confidence_interval":{"confidence_level":0.95,"lower_bound":629603.1379885603,"upper_bound":1270666.1992661655},"point_estimate":1023702.8499506414,"standard_error":154595.7506021634},"slope":null,"std_dev":{"confidence_interval":{"confidence_level":0.95,"lower_bound":882687.9995416754,"upper_bound":1177745.371485863},"point_estimate":1035037.5895009029,"standard_error":75348.53962612178}}