{"mean":{"confidence_interval":{"confidence_level":0.95,"lower_bound":15132109.023812499,"upper_bound":15193901.822562499},"point_estimate":15162590.97,"standard_error":15773.081489137305},"median":{"confidence_interval":{"confidence_level":0.95,"lower_bound":15085113.0,"upper_bound":15140206.0},"point_estimate":15111740.625,"standard_error":12919.695360639402},"median_abs_dev":{"confidence_interval":{"confidence_level":0.95,"lower_bound":83769.60425779238,"upper_bound":185296.88290782273},"point_estimate":126323.6334823072,"standard_error":25846.482851443423},"slope":null,"std_dev":{"confidence_interval":{"confidence_level":0.95,"lower_bound":139848.05416920607,"upper_bound":175191.4270297883},"point_estimate":159319.5756461476,"standard_error":9062.27715546287}}