{"mean":{"confidence_interval":{"confidence_level":0.95,"lower_bound":17124385.146833327,"upper_bound":17307771.46666667},"point_estimate":17211599.253333326,"standard_error":46923.473678830334},"median":{"confidence_interval":{"confidence_level":0.95,"lower_bound":17015247.166666664,"upper_bound":17207846.0},"point_estimate":17152063.0,"standard_error":48708.99135104718},"median_abs_dev":{"confidence_interval":{"confidence_level":0.95,"lower_bound":277160.94557940407,"upper_bound":465558.1365346927},"point_estimate":397711.39653921034,"standard_error":48222.687225368565},"slope":null,"std_dev":{"confidence_interval":{"confidence_level":0.95,"lower_bound":338168.470449766,"upper_bound":606535.7501515291},"point_estimate":472068.8383930608,"standard_error":69925.41940742222}}