{"mean":{"confidence_interval":{"confidence_level":0.95,"lower_bound":12445582.5784375,"upper_bound":12471719.41825},"point_estimate":12457765.6225,"standard_error":6682.658665551475},"median":{"confidence_interval":{"confidence_level":0.95,"lower_bound":12428856.75,"upper_bound":12440106.75},"point_estimate":12433981.75,"standard_error":2648.7766159365615},"median_abs_dev":{"confidence_interval":{"confidence_level":0.95,"lower_bound":18309.650995563756,"upper_bound":34730.089708417654},"point_estimate":25352.45954990387,"standard_error":3949.968263128882},"slope":null,"std_dev":{"confidence_interval":{"confidence_level":0.95,"lower_bound":46562.34739558013,"upper_bound":85123.51219885335},"point_estimate":67265.45765580253,"standard_error":9856.90216759937}}