{"mean":{"confidence_interval":{"confidence_level":0.95,"lower_bound":15126613.0755,"upper_bound":15522455.0185625},"point_estimate":15323368.445,"standard_error":101264.53843996554},"median":{"confidence_interval":{"confidence_level":0.95,"lower_bound":15158775.625,"upper_bound":15546829.5},"point_estimate":15397170.0,"standard_error":87096.86602499946},"median_abs_dev":{"confidence_interval":{"confidence_level":0.95,"lower_bound":672074.9848432839,"upper_bound":1407460.7413938234},"point_estimate":823474.5729804039,"standard_error":196985.35148407723},"slope":null,"std_dev":{"confidence_interval":{"confidence_level":0.95,"lower_bound":880116.0220667247,"upper_bound":1139686.7865529286},"point_estimate":1016775.6198495107,"standard_error":66355.02270605648}}