{"mean":{"confidence_interval":{"confidence_level":0.95,"lower_bound":12175349.0472,"upper_bound":12197431.752049996},"point_estimate":12186330.748,"standard_error":5623.892182078831},"median":{"confidence_interval":{"confidence_level":0.95,"lower_bound":12176273.4,"upper_bound":12203274.0},"point_estimate":12187950.0,"standard_error":6021.8186430333935},"median_abs_dev":{"confidence_interval":{"confidence_level":0.95,"lower_bound":35405.82171142018,"upper_bound":57511.683838962956},"point_estimate":45664.82048928738,"standard_error":5357.765142861627},"slope":null,"std_dev":{"confidence_interval":{"confidence_level":0.95,"lower_bound":46225.31645463123,"upper_bound":65889.32686495072},"point_estimate":56475.63046789613,"standard_error":5032.485638178959}}