{"mean":{"confidence_interval":{"confidence_level":0.95,"lower_bound":13777737.6873125,"upper_bound":13805031.35375},"point_estimate":13791242.865,"standard_error":6951.3268423911395},"median":{"confidence_interval":{"confidence_level":0.95,"lower_bound":13778791.5,"upper_bound":13805866.75},"point_estimate":13791429.125,"standard_error":7536.072560931829},"median_abs_dev":{"confidence_interval":{"confidence_level":0.95,"lower_bound":52559.095691889524,"upper_bound":77485.49307435751},"point_estimate":66032.2229526937,"standard_error":6377.855405492277},"slope":null,"std_dev":{"confidence_interval":{"confidence_level":0.95,"lower_bound":58499.599054022685,"upper_bound":80869.80462190777},"point_estimate":70098.67126473469,"standard_error":5708.928815228766}}