{"mean":{"confidence_interval":{"confidence_level":0.95,"lower_bound":14053911.2811875,"upper_bound":14434717.1935},"point_estimate":14238991.905,"standard_error":97272.70710697646},"median":{"confidence_interval":{"confidence_level":0.95,"lower_bound":13798944.0,"upper_bound":14317818.75},"point_estimate":14049644.0,"standard_error":109389.92321589198},"median_abs_dev":{"confidence_interval":{"confidence_level":0.95,"lower_bound":621095.4048321026,"upper_bound":1036781.6056184471},"point_estimate":866746.1064621806,"standard_error":104955.485354214},"slope":null,"std_dev":{"confidence_interval":{"confidence_level":0.95,"lower_bound":806897.2481818113,"upper_bound":1132251.788627875},"point_estimate":979855.6972639652,"standard_error":82693.92349807882}}