{"mean":{"confidence_interval":{"confidence_level":0.95,"lower_bound":17783392.88266667,"upper_bound":18118160.711666662},"point_estimate":17947206.590000004,"standard_error":85445.6486351723},"median":{"confidence_interval":{"confidence_level":0.95,"lower_bound":17522863.833333336,"upper_bound":17976571.666666668},"point_estimate":17678544.666666664,"standard_error":118652.85920130232},"median_abs_dev":{"confidence_interval":{"confidence_level":0.95,"lower_bound":554813.6139725895,"upper_bound":1005345.4947565465},"point_estimate":725057.3628276587,"standard_error":111896.49844372047},"slope":null,"std_dev":{"confidence_interval":{"confidence_level":0.95,"lower_bound":723726.3514413513,"upper_bound":983518.1485516862},"point_estimate":862256.3176166485,"standard_error":66306.92885498212}}