{"mean":{"confidence_interval":{"confidence_level":0.95,"lower_bound":6789203.90809375,"upper_bound":7014861.99934375},"point_estimate":6899617.305,"standard_error":57639.43652231469},"median":{"confidence_interval":{"confidence_level":0.95,"lower_bound":6652486.25,"upper_bound":7093827.625},"point_estimate":6864512.875,"standard_error":122693.96698916687},"median_abs_dev":{"confidence_interval":{"confidence_level":0.95,"lower_bound":524291.3190482188,"upper_bound":780117.6973376423},"point_estimate":726695.7284610718,"standard_error":68010.12004456558},"slope":null,"std_dev":{"confidence_interval":{"confidence_level":0.95,"lower_bound":483126.2279231449,"upper_bound":694982.4282069327},"point_estimate":582691.5351896835,"standard_error":55319.47508396196}}