{"mean":{"confidence_interval":{"confidence_level":0.95,"lower_bound":4726430.025,"upper_bound":4729409.97784091},"point_estimate":4727862.500909089,"standard_error":761.7348794107083},"median":{"confidence_interval":{"confidence_level":0.95,"lower_bound":4724427.2727272725,"upper_bound":4727145.409090909},"point_estimate":4725204.454545455,"standard_error":723.06307418975},"median_abs_dev":{"confidence_interval":{"confidence_level":0.95,"lower_bound":3773.890842090999,"upper_bound":6523.439884185791},"point_estimate":5337.427296151442,"standard_error":730.7711751134971},"slope":null,"std_dev":{"confidence_interval":{"confidence_level":0.95,"lower_bound":5832.227497326814,"upper_bound":9326.578595324334},"point_estimate":7673.712584185858,"standard_error":899.398559626853}}