{"mean":{"confidence_interval":{"confidence_level":0.95,"lower_bound":4959644.661249997,"upper_bound":4992673.845909093},"point_estimate":4975744.248181819,"standard_error":8419.377313663688},"median":{"confidence_interval":{"confidence_level":0.95,"lower_bound":4934240.181818182,"upper_bound":4974553.818181818},"point_estimate":4951949.227272727,"standard_error":9840.839365696822},"median_abs_dev":{"confidence_interval":{"confidence_level":0.95,"lower_bound":49048.04623831339,"upper_bound":82636.955160173},"point_estimate":64992.465482515596,"standard_error":8679.266404199892},"slope":null,"std_dev":{"confidence_interval":{"confidence_level":0.95,"lower_bound":69358.97791288643,"upper_bound":96800.15386595498},"point_estimate":84372.05608439512,"standard_error":7058.700347388454}}