{"mean":{"confidence_interval":{"confidence_level":0.95,"lower_bound":3602253.9103214275,"upper_bound":3608679.473267856},"point_estimate":3605100.9492857144,"standard_error":1645.5539273988795},"median":{"confidence_interval":{"confidence_level":0.95,"lower_bound":3598731.6785714286,"upper_bound":3601478.1428571427},"point_estimate":3599442.4285714286,"standard_error":762.7842231819918},"median_abs_dev":{"confidence_interval":{"confidence_level":0.95,"lower_bound":2848.762899424398,"upper_bound":5882.980523056269},"point_estimate":3913.110830528593,"standard_error":864.8651433475026},"slope":null,"std_dev":{"confidence_interval":{"confidence_level":0.95,"lower_bound":7965.9241648158395,"upper_bound":24463.661282881356},"point_estimate":16535.132201428176,"standard_error":4379.124472231259}}