{"mean":{"confidence_interval":{"confidence_level":0.95,"lower_bound":4885173.002840907,"upper_bound":4902933.9809090905},"point_estimate":4893991.138181819,"standard_error":4524.374262432571},"median":{"confidence_interval":{"confidence_level":0.95,"lower_bound":4883087.136363637,"upper_bound":4900046.409090908},"point_estimate":4890537.181818182,"standard_error":4085.164548068311},"median_abs_dev":{"confidence_interval":{"confidence_level":0.95,"lower_bound":35710.84643873283,"upper_bound":55079.26293123858},"point_estimate":47410.04283103057,"standard_error":5061.070500296181},"slope":null,"std_dev":{"confidence_interval":{"confidence_level":0.95,"lower_bound":38862.410867755076,"upper_bound":51318.85108727888},"point_estimate":45445.26501567591,"standard_error":3192.0640194675375}}