{"mean":{"confidence_interval":{"confidence_level":0.95,"lower_bound":2261041.5887282602,"upper_bound":2269328.328597827},"point_estimate":2264995.355217391,"standard_error":2111.4785013521637},"median":{"confidence_interval":{"confidence_level":0.95,"lower_bound":2255377.086956522,"upper_bound":2261536.2608695654},"point_estimate":2258241.152173913,"standard_error":1415.5192251866138},"median_abs_dev":{"confidence_interval":{"confidence_level":0.95,"lower_bound":9382.795085595551,"upper_bound":16572.201956980458},"point_estimate":13031.892616463849,"standard_error":1755.7450035026545},"slope":null,"std_dev":{"confidence_interval":{"confidence_level":0.95,"lower_bound":15982.08928972513,"upper_bound":25994.421684700337},"point_estimate":21233.214800856873,"standard_error":2572.015278515322}}