{"mean":{"confidence_interval":{"confidence_level":0.95,"lower_bound":2378359.5782023817,"upper_bound":2383471.3097142843},"point_estimate":2380871.275714285,"standard_error":1303.876028077651},"median":{"confidence_interval":{"confidence_level":0.95,"lower_bound":2378281.4285714286,"upper_bound":2382761.0},"point_estimate":2380950.7142857146,"standard_error":1000.8854883255045},"median_abs_dev":{"confidence_interval":{"confidence_level":0.95,"lower_bound":6246.340184105112,"upper_bound":11650.199993167671},"point_estimate":8475.81224952445,"standard_error":1421.9973637481362},"slope":null,"std_dev":{"confidence_interval":{"confidence_level":0.95,"lower_bound":9917.059121989465,"upper_bound":16536.367424686254},"point_estimate":13119.611054123132,"standard_error":1737.6663882989685}}