{"mean":{"confidence_interval":{"confidence_level":0.95,"lower_bound":3622816.262285713,"upper_bound":3625537.7137857145},"point_estimate":3624076.6999999993,"standard_error":697.7659532726909},"median":{"confidence_interval":{"confidence_level":0.95,"lower_bound":3621631.214285714,"upper_bound":3623491.8571428573},"point_estimate":3622445.4642857146,"standard_error":461.440974179501},"median_abs_dev":{"confidence_interval":{"confidence_level":0.95,"lower_bound":2875.1849489555593,"upper_bound":4699.312416571021},"point_estimate":3680.024934666645,"standard_error":465.6743669697343},"slope":null,"std_dev":{"confidence_interval":{"confidence_level":0.95,"lower_bound":4305.105545526256,"upper_bound":9435.437160092602},"point_estimate":7014.422950756249,"standard_error":1317.415646121468}}