{"mean":{"confidence_interval":{"confidence_level":0.95,"lower_bound":5438267.392174997,"upper_bound":5461129.62295},"point_estimate":5448882.848000001,"standard_error":5803.564109675836},"median":{"confidence_interval":{"confidence_level":0.95,"lower_bound":5449067.8,"upper_bound":5457872.7},"point_estimate":5454202.7,"standard_error":2642.185918148999},"median_abs_dev":{"confidence_interval":{"confidence_level":0.95,"lower_bound":21215.709103345594,"upper_bound":44177.327935695925},"point_estimate":31838.38965475587,"standard_error":5734.284724942953},"slope":null,"std_dev":{"confidence_interval":{"confidence_level":0.95,"lower_bound":37239.051209863566,"upper_bound":82232.78801025201},"point_estimate":58374.08857994346,"standard_error":12597.369936995088}}