{"mean":{"confidence_interval":{"confidence_level":0.95,"lower_bound":6737033.3713437505,"upper_bound":6853418.92978125},"point_estimate":6793289.28375,"standard_error":29825.152756293744},"median":{"confidence_interval":{"confidence_level":0.95,"lower_bound":6641818.125,"upper_bound":6761481.125},"point_estimate":6701713.875,"standard_error":30180.93347693682},"median_abs_dev":{"confidence_interval":{"confidence_level":0.95,"lower_bound":151208.33274051547,"upper_bound":283418.72208081186},"point_estimate":215972.19141572714,"standard_error":37759.878981010515},"slope":null,"std_dev":{"confidence_interval":{"confidence_level":0.95,"lower_bound":234735.34517350877,"upper_bound":355261.96625734435},"point_estimate":299284.1795075749,"standard_error":30696.451848744036}}