{"mean":{"confidence_interval":{"confidence_level":0.95,"lower_bound":7790032.2976785675,"upper_bound":7815607.638964282},"point_estimate":7802215.851428568,"standard_error":6508.162102057162},"median":{"confidence_interval":{"confidence_level":0.95,"lower_bound":7788632.571428572,"upper_bound":7803637.714285715},"point_estimate":7796870.071428571,"standard_error":3709.177810065107},"median_abs_dev":{"confidence_interval":{"confidence_level":0.95,"lower_bound":28128.83980061376,"upper_bound":59104.509825685345},"point_estimate":38462.87931714759,"standard_error":8062.534943907075},"slope":null,"std_dev":{"confidence_interval":{"confidence_level":0.95,"lower_bound":47356.8211550958,"upper_bound":81822.54159095403},"point_estimate":65510.862919809035,"standard_error":8803.065450260832}}