{"mean":{"confidence_interval":{"confidence_level":0.95,"lower_bound":7531583.410357143,"upper_bound":7545698.316607145},"point_estimate":7538227.361428571,"standard_error":3606.6176880044254},"median":{"confidence_interval":{"confidence_level":0.95,"lower_bound":7521181.071428571,"upper_bound":7535091.0},"point_estimate":7526944.0,"standard_error":3267.8804025597633},"median_abs_dev":{"confidence_interval":{"confidence_level":0.95,"lower_bound":15379.962626951574,"upper_bound":30576.400557160378},"point_estimate":21479.908418655396,"standard_error":3542.2253165754705},"slope":null,"std_dev":{"confidence_interval":{"confidence_level":0.95,"lower_bound":24810.63034448109,"upper_bound":46120.656624876356},"point_estimate":36218.51873255103,"standard_error":5432.365133767152}}