{"mean":{"confidence_interval":{"confidence_level":0.95,"lower_bound":10846100.252599997,"upper_bound":11029310.635399995},"point_estimate":10935671.635999996,"standard_error":46665.237784632875},"median":{"confidence_interval":{"confidence_level":0.95,"lower_bound":10799121.5,"upper_bound":10904543.4},"point_estimate":10841920.9,"standard_error":31747.196223021314},"median_abs_dev":{"confidence_interval":{"confidence_level":0.95,"lower_bound":270985.62016904325,"upper_bound":510983.4182882304},"point_estimate":384705.33769011387,"standard_error":63188.82391446881},"slope":null,"std_dev":{"confidence_interval":{"confidence_level":0.95,"lower_bound":376746.3850377429,"upper_bound":558852.8597168328},"point_estimate":469710.07520493853,"standard_error":46791.647548049215}}