{"mean":{"confidence_interval":{"confidence_level":0.95,"lower_bound":5067425.780924999,"upper_bound":5078991.101650001},"point_estimate":5072848.130000001,"standard_error":2945.0383537165826},"median":{"confidence_interval":{"confidence_level":0.95,"lower_bound":5062640.5,"upper_bound":5068785.0},"point_estimate":5065477.35,"standard_error":1403.5887222069073},"median_abs_dev":{"confidence_interval":{"confidence_level":0.95,"lower_bound":9090.48760861186,"upper_bound":16125.127963721752},"point_estimate":14000.488071441236,"standard_error":1891.1251967475173},"slope":null,"std_dev":{"confidence_interval":{"confidence_level":0.95,"lower_bound":20273.743922659163,"upper_bound":37731.62216662022},"point_estimate":29706.95486481742,"standard_error":4460.264852357611}}