{"mean":{"confidence_interval":{"confidence_level":0.95,"lower_bound":8445311.466375,"upper_bound":8640036.137041666},"point_estimate":8542703.995,"standard_error":49824.53028948243},"median":{"confidence_interval":{"confidence_level":0.95,"lower_bound":8450390.5,"upper_bound":8776759.333333334},"point_estimate":8602399.916666666,"standard_error":86653.79600068853},"median_abs_dev":{"confidence_interval":{"confidence_level":0.95,"lower_bound":397994.0789341922,"upper_bound":699050.7060393677},"point_estimate":510771.3817819962,"standard_error":82476.99397863373},"slope":null,"std_dev":{"confidence_interval":{"confidence_level":0.95,"lower_bound":444833.06941618654,"upper_bound":548772.9805260932},"point_estimate":500258.3956395449,"standard_error":26545.054129428638}}