{"mean":{"confidence_interval":{"confidence_level":0.95,"lower_bound":7298828.859392858,"upper_bound":7302451.582892858},"point_estimate":7300592.159999999,"standard_error":920.1444859821701},"median":{"confidence_interval":{"confidence_level":0.95,"lower_bound":7297332.428571428,"upper_bound":7302225.357142857},"point_estimate":7299596.714285715,"standard_error":1260.9369380049602},"median_abs_dev":{"confidence_interval":{"confidence_level":0.95,"lower_bound":7169.429872717571,"upper_bound":11119.499802589417},"point_estimate":9075.52393887813,"standard_error":1019.4806497744459},"slope":null,"std_dev":{"confidence_interval":{"confidence_level":0.95,"lower_bound":7898.476356220552,"upper_bound":10548.140888759275},"point_estimate":9291.473088077957,"standard_error":676.3312699980356}}