{"mean":{"confidence_interval":{"confidence_level":0.95,"lower_bound":9169975.07833333,"upper_bound":9321262.067083335},"point_estimate":9243770.778333336,"standard_error":38614.250769046004},"median":{"confidence_interval":{"confidence_level":0.95,"lower_bound":9038937.083333332,"upper_bound":9263671.5},"point_estimate":9140479.333333332,"standard_error":62522.66818442561},"median_abs_dev":{"confidence_interval":{"confidence_level":0.95,"lower_bound":263607.4459562837,"upper_bound":479512.3674869542},"point_estimate":371319.0166577697,"standard_error":55123.20425376321},"slope":null,"std_dev":{"confidence_interval":{"confidence_level":0.95,"lower_bound":318562.48044739256,"upper_bound":456852.6352088158},"point_estimate":390164.8797137297,"standard_error":35433.02292076854}}