{"mean":{"confidence_interval":{"confidence_level":0.95,"lower_bound":7549567.613607144,"upper_bound":7659685.582178572},"point_estimate":7604013.117142859,"standard_error":28111.3353923936},"median":{"confidence_interval":{"confidence_level":0.95,"lower_bound":7395660.0,"upper_bound":7660153.071428571},"point_estimate":7502270.285714285,"standard_error":64701.78109005209},"median_abs_dev":{"confidence_interval":{"confidence_level":0.95,"lower_bound":103248.6857669697,"upper_bound":452227.621271355},"point_estimate":259773.64848809523,"standard_error":86247.85852181155},"slope":null,"std_dev":{"confidence_interval":{"confidence_level":0.95,"lower_bound":254931.52090255232,"upper_bound":303223.53450532095},"point_estimate":282024.3242025235,"standard_error":12366.500236603079}}