{"mean":{"confidence_interval":{"confidence_level":0.95,"lower_bound":4901484.741568181,"upper_bound":4907200.473886364},"point_estimate":4904102.507272724,"standard_error":1463.4665610495474},"median":{"confidence_interval":{"confidence_level":0.95,"lower_bound":4901333.272727273,"upper_bound":4905460.454545455},"point_estimate":4904102.5,"standard_error":1096.1666911365048},"median_abs_dev":{"confidence_interval":{"confidence_level":0.95,"lower_bound":7187.154403538634,"upper_bound":13303.074728596894},"point_estimate":10482.453550263135,"standard_error":1574.5987103000482},"slope":null,"std_dev":{"confidence_interval":{"confidence_level":0.95,"lower_bound":8925.412063979882,"upper_bound":21247.090271002722},"point_estimate":14758.530316372537,"standard_error":3543.6224356428293}}