{"mean":{"confidence_interval":{"confidence_level":0.95,"lower_bound":7160749.094142856,"upper_bound":7173660.218535715},"point_estimate":7166526.411428574,"standard_error":3303.7956181277295},"median":{"confidence_interval":{"confidence_level":0.95,"lower_bound":7155938.142857143,"upper_bound":7161589.071428571},"point_estimate":7158331.857142857,"standard_error":1472.0738488524182},"median_abs_dev":{"confidence_interval":{"confidence_level":0.95,"lower_bound":9331.060634340953,"upper_bound":14571.945641295379},"point_estimate":11956.215687734937,"standard_error":1261.8037924904954},"slope":null,"std_dev":{"confidence_interval":{"confidence_level":0.95,"lower_bound":14956.475859495073,"upper_bound":47146.18631092869},"point_estimate":33200.01505755694,"standard_error":8004.473170144278}}