{"mean":{"confidence_interval":{"confidence_level":0.95,"lower_bound":7235448.188214287,"upper_bound":7244542.955785715},"point_estimate":7239771.2028571395,"standard_error":2333.521836162746},"median":{"confidence_interval":{"confidence_level":0.95,"lower_bound":7229377.571428571,"upper_bound":7234877.642857144},"point_estimate":7232091.928571429,"standard_error":1419.47809669122},"median_abs_dev":{"confidence_interval":{"confidence_level":0.95,"lower_bound":7328.279869897222,"upper_bound":13089.239767620133},"point_estimate":9520.409830978348,"standard_error":1550.4080519303573},"slope":null,"std_dev":{"confidence_interval":{"confidence_level":0.95,"lower_bound":17265.783160229876,"upper_bound":28592.590836633994},"point_estimate":23472.377076354776,"standard_error":2898.0324451949755}}