{"mean":{"confidence_interval":{"confidence_level":0.95,"lower_bound":7416432.6085357135,"upper_bound":7437334.026428571},"point_estimate":7426690.464285715,"standard_error":5317.171071228245},"median":{"confidence_interval":{"confidence_level":0.95,"lower_bound":7411687.142857143,"upper_bound":7434873.428571428},"point_estimate":7423073.142857144,"standard_error":6581.985225973268},"median_abs_dev":{"confidence_interval":{"confidence_level":0.95,"lower_bound":42646.56464287183,"upper_bound":68232.42778863136},"point_estimate":56413.56439845843,"standard_error":6581.246035670364},"slope":null,"std_dev":{"confidence_interval":{"confidence_level":0.95,"lower_bound":45558.508054065824,"upper_bound":61739.536316867685},"point_estimate":53712.625912783835,"standard_error":4149.734269218334}}