{"mean":{"confidence_interval":{"confidence_level":0.95,"lower_bound":6284447.386444443,"upper_bound":6451960.699222222},"point_estimate":6366590.799999999,"standard_error":42751.718275852145},"median":{"confidence_interval":{"confidence_level":0.95,"lower_bound":6212813.888888889,"upper_bound":6462984.222222222},"point_estimate":6386955.666666667,"standard_error":62632.4576330279},"median_abs_dev":{"confidence_interval":{"confidence_level":0.95,"lower_bound":327818.47707755875,"upper_bound":558890.7700777058},"point_estimate":416551.28860473563,"standard_error":61021.58904980828},"slope":null,"std_dev":{"confidence_interval":{"confidence_level":0.95,"lower_bound":366722.79043126834,"upper_bound":491638.1911724674},"point_estimate":431117.46307448135,"standard_error":31884.506855140047}}