{"mean":{"confidence_interval":{"confidence_level":0.95,"lower_bound":5445635.010200001,"upper_bound":5454767.60865},"point_estimate":5449931.179999998,"standard_error":2332.4250912712737},"median":{"confidence_interval":{"confidence_level":0.95,"lower_bound":5439311.8,"upper_bound":5449191.9},"point_estimate":5443336.8,"standard_error":2488.812397837008},"median_abs_dev":{"confidence_interval":{"confidence_level":0.95,"lower_bound":11193.85219126926,"upper_bound":19325.98717689407},"point_estimate":15041.347382962704,"standard_error":2009.8966153703877},"slope":null,"std_dev":{"confidence_interval":{"confidence_level":0.95,"lower_bound":15701.362441944777,"upper_bound":30586.071168494775},"point_estimate":23344.42344799274,"standard_error":3865.496042460545}}