{"mean":{"confidence_interval":{"confidence_level":0.95,"lower_bound":14321145.1625,"upper_bound":14627509.404187499},"point_estimate":14473523.9425,"standard_error":78277.6737417026},"median":{"confidence_interval":{"confidence_level":0.95,"lower_bound":14107425.875,"upper_bound":14632088.0},"point_estimate":14312815.25,"standard_error":143921.77319732006},"median_abs_dev":{"confidence_interval":{"confidence_level":0.95,"lower_bound":700837.7949826419,"upper_bound":1107488.095638156},"point_estimate":915755.6724920869,"standard_error":106571.23199360458},"slope":null,"std_dev":{"confidence_interval":{"confidence_level":0.95,"lower_bound":704600.266160481,"upper_bound":859294.5041469969},"point_estimate":788726.2498639831,"standard_error":39464.69657072522}}