{"mean":{"confidence_interval":{"confidence_level":0.95,"lower_bound":13106941.5055625,"upper_bound":13222935.286500001},"point_estimate":13156231.6075,"standard_error":29938.95735875809},"median":{"confidence_interval":{"confidence_level":0.95,"lower_bound":13084772.25,"upper_bound":13101947.5},"point_estimate":13093534.875,"standard_error":5257.735316513037},"median_abs_dev":{"confidence_interval":{"confidence_level":0.95,"lower_bound":25982.93518871069,"upper_bound":51076.310393214226},"point_estimate":38437.145617604256,"standard_error":6892.170822880561},"slope":null,"std_dev":{"confidence_interval":{"confidence_level":0.95,"lower_bound":49827.71126529121,"upper_bound":459863.6087699372},"point_estimate":302083.6093898076,"standard_error":105008.47713428496}}