{"mean":{"confidence_interval":{"confidence_level":0.95,"lower_bound":13537464.9203125,"upper_bound":13745170.7685625},"point_estimate":13638122.8425,"standard_error":52858.278094793866},"median":{"confidence_interval":{"confidence_level":0.95,"lower_bound":13447547.25,"upper_bound":13652273.25},"point_estimate":13532735.0,"standard_error":55473.16074919777},"median_abs_dev":{"confidence_interval":{"confidence_level":0.95,"lower_bound":344150.37214010954,"upper_bound":572027.1000444889},"point_estimate":475194.41861361265,"standard_error":56243.5865554503},"slope":null,"std_dev":{"confidence_interval":{"confidence_level":0.95,"lower_bound":423664.73476126196,"upper_bound":629362.7384864042},"point_estimate":532001.4230823705,"standard_error":52616.332390274445}}