{"mean":{"confidence_interval":{"confidence_level":0.95,"lower_bound":11056093.354749998,"upper_bound":11068865.838699998},"point_estimate":11062192.221999995,"standard_error":3264.332210745605},"median":{"confidence_interval":{"confidence_level":0.95,"lower_bound":11055905.8,"upper_bound":11066161.0},"point_estimate":11060648.7,"standard_error":2919.9319278694893},"median_abs_dev":{"confidence_interval":{"confidence_level":0.95,"lower_bound":20244.16134059429,"upper_bound":32493.89528761916},"point_estimate":27973.992823362627,"standard_error":3080.965727853198},"slope":null,"std_dev":{"confidence_interval":{"confidence_level":0.95,"lower_bound":23083.52141168483,"upper_bound":41824.06306720554},"point_estimate":32768.77183690756,"standard_error":4815.445644454652}}