{"mean":{"confidence_interval":{"confidence_level":0.95,"lower_bound":14562323.535,"upper_bound":14828714.7675625},"point_estimate":14689867.5525,"standard_error":67739.97831922755},"median":{"confidence_interval":{"confidence_level":0.95,"lower_bound":14454012.0,"upper_bound":14751088.0},"point_estimate":14643225.5,"standard_error":73695.11222410234},"median_abs_dev":{"confidence_interval":{"confidence_level":0.95,"lower_bound":415833.15424248576,"upper_bound":727310.35881266},"point_estimate":528122.3110489547,"standard_error":81787.88691626304},"slope":null,"std_dev":{"confidence_interval":{"confidence_level":0.95,"lower_bound":511608.71825940214,"upper_bound":865352.4018515209},"point_estimate":675097.7677816462,"standard_error":94734.54605419951}}