{"mean":{"confidence_interval":{"confidence_level":0.95,"lower_bound":13231935.2985,"upper_bound":13541037.1546875},"point_estimate":13377277.2025,"standard_error":78879.47709298674},"median":{"confidence_interval":{"confidence_level":0.95,"lower_bound":13006684.25,"upper_bound":13260490.25},"point_estimate":13129975.0,"standard_error":57571.998310920055},"median_abs_dev":{"confidence_interval":{"confidence_level":0.95,"lower_bound":356888.31513896585,"upper_bound":652154.0302969515},"point_estimate":495810.71254760027,"standard_error":70127.04428293237},"slope":null,"std_dev":{"confidence_interval":{"confidence_level":0.95,"lower_bound":551841.561563287,"upper_bound":1013587.1573117821},"point_estimate":793162.1729421037,"standard_error":117991.85599247253}}