{"mean":{"confidence_interval":{"confidence_level":0.95,"lower_bound":11700712.412499998,"upper_bound":11739457.886750003},"point_estimate":11719876.185999999,"standard_error":9877.895059938644},"median":{"confidence_interval":{"confidence_level":0.95,"lower_bound":11689390.8,"upper_bound":11743591.6},"point_estimate":11709911.3,"standard_error":12866.513453552849},"median_abs_dev":{"confidence_interval":{"confidence_level":0.95,"lower_bound":78437.09986746118,"upper_bound":121308.69829984159},"point_estimate":100151.25908196194,"standard_error":11054.565178692275},"slope":null,"std_dev":{"confidence_interval":{"confidence_level":0.95,"lower_bound":85335.5317679134,"upper_bound":111297.17606785172},"point_estimate":99003.25280538137,"standard_error":6592.499242154923}}