{"mean":{"confidence_interval":{"confidence_level":0.95,"lower_bound":9228135.432916665,"upper_bound":9413818.557625003},"point_estimate":9316879.840000002,"standard_error":47278.19484031677},"median":{"confidence_interval":{"confidence_level":0.95,"lower_bound":9090687.416666666,"upper_bound":9288796.0},"point_estimate":9168454.25,"standard_error":54930.14715392509},"median_abs_dev":{"confidence_interval":{"confidence_level":0.95,"lower_bound":238587.89496421907,"upper_bound":417105.0396949053},"point_estimate":328346.96837067604,"standard_error":44250.91001285991},"slope":null,"std_dev":{"confidence_interval":{"confidence_level":0.95,"lower_bound":358391.50018804346,"upper_bound":582947.2837969996},"point_estimate":476768.79692500725,"standard_error":57552.611744768525}}