{"mean":{"confidence_interval":{"confidence_level":0.95,"lower_bound":5312494.153225002,"upper_bound":5342646.316400001},"point_estimate":5326951.898000002,"standard_error":7692.97713054233},"median":{"confidence_interval":{"confidence_level":0.95,"lower_bound":5288016.1,"upper_bound":5303996.3},"point_estimate":5295881.2,"standard_error":3958.4799662359283},"median_abs_dev":{"confidence_interval":{"confidence_level":0.95,"lower_bound":24567.200473844452,"upper_bound":46428.58186572776},"point_estimate":33981.858566701,"standard_error":5824.891638856382},"slope":null,"std_dev":{"confidence_interval":{"confidence_level":0.95,"lower_bound":61360.015985848346,"upper_bound":90099.06331655558},"point_estimate":77278.7858332414,"standard_error":7302.2685028361675}}