{"mean":{"confidence_interval":{"confidence_level":0.95,"lower_bound":4029219.3152500005,"upper_bound":4040128.836038461},"point_estimate":4034592.116923077,"standard_error":2782.1756966677453},"median":{"confidence_interval":{"confidence_level":0.95,"lower_bound":4027922.653846154,"upper_bound":4040414.846153846},"point_estimate":4033918.769230769,"standard_error":3108.2965967013583},"median_abs_dev":{"confidence_interval":{"confidence_level":0.95,"lower_bound":17779.68102280873,"upper_bound":32502.811130651848},"point_estimate":24907.280396268892,"standard_error":3740.1145003186266},"slope":null,"std_dev":{"confidence_interval":{"confidence_level":0.95,"lower_bound":23553.49350501264,"upper_bound":31904.33972118112},"point_estimate":27868.822028675193,"standard_error":2141.581602053598}}