{"mean":{"confidence_interval":{"confidence_level":0.95,"lower_bound":2626328.171052632,"upper_bound":2652654.323684212},"point_estimate":2637378.9510526326,"standard_error":6842.512249773169},"median":{"confidence_interval":{"confidence_level":0.95,"lower_bound":2615494.210526316,"upper_bound":2631495.6842105263},"point_estimate":2620589.0,"standard_error":3741.762122413584},"median_abs_dev":{"confidence_interval":{"confidence_level":0.95,"lower_bound":13366.809236376344,"upper_bound":29311.139010281004},"point_estimate":19194.987764483987,"standard_error":3847.545835009489},"slope":null,"std_dev":{"confidence_interval":{"confidence_level":0.95,"lower_bound":21209.822695770603,"upper_bound":109675.57203404163},"point_estimate":69280.1141121611,"standard_error":25007.263198710258}}