{"mean":{"confidence_interval":{"confidence_level":0.95,"lower_bound":2674848.6931578936,"upper_bound":2683907.7199999993},"point_estimate":2679252.896842105,"standard_error":2299.4332751185225},"median":{"confidence_interval":{"confidence_level":0.95,"lower_bound":2675917.210526316,"upper_bound":2679182.789473684},"point_estimate":2677851.5263157897,"standard_error":905.5182721223097},"median_abs_dev":{"confidence_interval":{"confidence_level":0.95,"lower_bound":7069.543879753647,"upper_bound":13125.02839330021},"point_estimate":8893.49298947754,"standard_error":1521.8570147970415},"slope":null,"std_dev":{"confidence_interval":{"confidence_level":0.95,"lower_bound":17249.856682087102,"upper_bound":28575.542303334805},"point_estimate":23213.720710156544,"standard_error":2898.3109115329066}}