{"mean":{"confidence_interval":{"confidence_level":0.95,"lower_bound":3906928.601249999,"upper_bound":3912063.455423077},"point_estimate":3909259.7623076914,"standard_error":1313.8425897630862},"median":{"confidence_interval":{"confidence_level":0.95,"lower_bound":3904509.230769231,"upper_bound":3907086.076923077},"point_estimate":3905501.5,"standard_error":731.632490775069},"median_abs_dev":{"confidence_interval":{"confidence_level":0.95,"lower_bound":3569.644552011022,"upper_bound":6580.57700624769},"point_estimate":4926.793758685879,"standard_error":753.1578325230332},"slope":null,"std_dev":{"confidence_interval":{"confidence_level":0.95,"lower_bound":7404.140323256003,"upper_bound":18807.125869439697},"point_estimate":13247.464179920098,"standard_error":3010.2492268829906}}