{"mean":{"confidence_interval":{"confidence_level":0.95,"lower_bound":3951695.9770192304,"upper_bound":3956583.577788462},"point_estimate":3953918.996153845,"standard_error":1251.1069584544111},"median":{"confidence_interval":{"confidence_level":0.95,"lower_bound":3948960.923076923,"upper_bound":3951272.346153846},"point_estimate":3949821.423076923,"standard_error":565.9304720340795},"median_abs_dev":{"confidence_interval":{"confidence_level":0.95,"lower_bound":3825.450070546542,"upper_bound":7753.370608503763},"point_estimate":5491.2081640500555,"standard_error":1045.5523224435874},"slope":null,"std_dev":{"confidence_interval":{"confidence_level":0.95,"lower_bound":7290.443093897667,"upper_bound":17936.13230533895},"point_estimate":12608.040027040535,"standard_error":2880.6726728799567}}