{"mean":{"confidence_interval":{"confidence_level":0.95,"lower_bound":4515485.863770833,"upper_bound":4538804.461145831},"point_estimate":4526695.978333332,"standard_error":5958.248636717718},"median":{"confidence_interval":{"confidence_level":0.95,"lower_bound":4499548.75,"upper_bound":4517394.625},"point_estimate":4506081.583333334,"standard_error":4405.09573986532},"median_abs_dev":{"confidence_interval":{"confidence_level":0.95,"lower_bound":28912.12031170818,"upper_bound":53479.66672554658},"point_estimate":40308.989859372145,"standard_error":5985.293962347187},"slope":null,"std_dev":{"confidence_interval":{"confidence_level":0.95,"lower_bound":46447.4836399768,"upper_bound":71033.6365754102},"point_estimate":59761.11688312238,"standard_error":6301.0550194353345}}