{"mean":{"confidence_interval":{"confidence_level":0.95,"lower_bound":4361112.928687501,"upper_bound":4440663.5167499995},"point_estimate":4396738.562499999,"standard_error":20420.728638850647},"median":{"confidence_interval":{"confidence_level":0.95,"lower_bound":4332291.083333334,"upper_bound":4370949.708333334},"point_estimate":4351507.875,"standard_error":10196.45927507185},"median_abs_dev":{"confidence_interval":{"confidence_level":0.95,"lower_bound":57111.32624857039,"upper_bound":111646.8821428707},"point_estimate":84348.38657751633,"standard_error":13943.361089941249},"slope":null,"std_dev":{"confidence_interval":{"confidence_level":0.95,"lower_bound":108657.89588878074,"upper_bound":302679.6810995522},"point_estimate":206333.2928341964,"standard_error":53611.469192924276}}