{"mean":{"confidence_interval":{"confidence_level":0.95,"lower_bound":5882002.108194444,"upper_bound":5983519.818916664},"point_estimate":5931001.352222222,"standard_error":25782.43013902506},"median":{"confidence_interval":{"confidence_level":0.95,"lower_bound":5807664.0,"upper_bound":5932268.777777778},"point_estimate":5879361.055555556,"standard_error":34083.401898784614},"median_abs_dev":{"confidence_interval":{"confidence_level":0.95,"lower_bound":155892.75149901677,"upper_bound":264662.2983346386},"point_estimate":210141.5787359085,"standard_error":28972.692334393505},"slope":null,"std_dev":{"confidence_interval":{"confidence_level":0.95,"lower_bound":199875.19771975497,"upper_bound":311471.7314939364},"point_estimate":259028.67166150318,"standard_error":28342.735213855976}}