{"mean":{"confidence_interval":{"confidence_level":0.95,"lower_bound":3692911.299625,"upper_bound":3754187.3938750015},"point_estimate":3723972.068571431,"standard_error":15627.688975882178},"median":{"confidence_interval":{"confidence_level":0.95,"lower_bound":3686373.285714286,"upper_bound":3770881.1428571427},"point_estimate":3737388.6428571427,"standard_error":22490.54386448217},"median_abs_dev":{"confidence_interval":{"confidence_level":0.95,"lower_bound":118396.30379804548,"upper_bound":204552.94166845924},"point_estimate":152827.41133677083,"standard_error":21487.93679966893},"slope":null,"std_dev":{"confidence_interval":{"confidence_level":0.95,"lower_bound":136940.33750409525,"upper_bound":175665.6616566248},"point_estimate":157538.09658501053,"standard_error":9871.823156567116}}