{"mean":{"confidence_interval":{"confidence_level":0.95,"lower_bound":3307625.4223125,"upper_bound":3309389.65996875},"point_estimate":3308402.17875,"standard_error":453.3103171152181},"median":{"confidence_interval":{"confidence_level":0.95,"lower_bound":3306858.375,"upper_bound":3307824.0},"point_estimate":3307452.125,"standard_error":255.91869240367657},"median_abs_dev":{"confidence_interval":{"confidence_level":0.95,"lower_bound":1445.5349743366241,"upper_bound":2608.4493286907673},"point_estimate":2108.0718375742435,"standard_error":304.44659873323303},"slope":null,"std_dev":{"confidence_interval":{"confidence_level":0.95,"lower_bound":2266.664579689656,"upper_bound":6883.571604244862},"point_estimate":4565.733426591755,"standard_error":1366.4062283234578}}