{"mean":{"confidence_interval":{"confidence_level":0.95,"lower_bound":3522750.320433333,"upper_bound":3559384.576283335},"point_estimate":3540952.1733333333,"standard_error":9369.445258661313},"median":{"confidence_interval":{"confidence_level":0.95,"lower_bound":3499025.7333333334,"upper_bound":3556667.2},"point_estimate":3528266.4333333336,"standard_error":13625.078171492401},"median_abs_dev":{"confidence_interval":{"confidence_level":0.95,"lower_bound":73746.30181074135,"upper_bound":117553.27627301229},"point_estimate":92002.54368662839,"standard_error":11075.2197647732},"slope":null,"std_dev":{"confidence_interval":{"confidence_level":0.95,"lower_bound":79393.62980633638,"upper_bound":106471.14835209712},"point_estimate":93737.76399880789,"standard_error":6909.1762892644165}}