{"mean":{"confidence_interval":{"confidence_level":0.95,"lower_bound":2087395.9157000012,"upper_bound":2091238.6059200007},"point_estimate":2089306.1156000001,"standard_error":978.7516675100024},"median":{"confidence_interval":{"confidence_level":0.95,"lower_bound":2089244.84,"upper_bound":2092647.1800000002},"point_estimate":2091031.52,"standard_error":971.8760103688412},"median_abs_dev":{"confidence_interval":{"confidence_level":0.95,"lower_bound":4477.2443565130025,"upper_bound":8505.349876999897},"point_estimate":6231.753165364279,"standard_error":1034.6870247774127},"slope":null,"std_dev":{"confidence_interval":{"confidence_level":0.95,"lower_bound":7534.504203431568,"upper_bound":12287.438687206173},"point_estimate":9880.960949258562,"standard_error":1226.6642518531003}}