{"mean":{"confidence_interval":{"confidence_level":0.95,"lower_bound":2195433.1359021747,"upper_bound":2199754.208282608},"point_estimate":2197490.9591304353,"standard_error":1107.649877786229},"median":{"confidence_interval":{"confidence_level":0.95,"lower_bound":2193071.9565217393,"upper_bound":2197360.0},"point_estimate":2195682.695652174,"standard_error":1180.4551033165917},"median_abs_dev":{"confidence_interval":{"confidence_level":0.95,"lower_bound":6027.993649503489,"upper_bound":10621.571824472598},"point_estimate":8043.298239811757,"standard_error":1214.7911950707844},"slope":null,"std_dev":{"confidence_interval":{"confidence_level":0.95,"lower_bound":7939.72444533085,"upper_bound":14233.957101921496},"point_estimate":11137.432174179628,"standard_error":1629.3324080167283}}