{"mean":{"confidence_interval":{"confidence_level":0.95,"lower_bound":4112797.0833750004,"upper_bound":4193827.4712291663},"point_estimate":4152565.064999999,"standard_error":20629.16047978851},"median":{"confidence_interval":{"confidence_level":0.95,"lower_bound":4047144.0833333335,"upper_bound":4158953.8333333335},"point_estimate":4103468.291666667,"standard_error":33918.52858659997},"median_abs_dev":{"confidence_interval":{"confidence_level":0.95,"lower_bound":144355.3850121796,"upper_bound":257497.75030475116},"point_estimate":214429.66969311296,"standard_error":31102.90101791418},"slope":null,"std_dev":{"confidence_interval":{"confidence_level":0.95,"lower_bound":173656.79201394945,"upper_bound":239146.0381793904},"point_estimate":207868.63166237992,"standard_error":16733.033614558546}}