{"mean":{"confidence_interval":{"confidence_level":0.95,"lower_bound":3831538.419160716,"upper_bound":3834552.43675},"point_estimate":3832983.988571429,"standard_error":769.2927532645706},"median":{"confidence_interval":{"confidence_level":0.95,"lower_bound":3830037.1428571427,"upper_bound":3833397.8571428573},"point_estimate":3831779.9642857146,"standard_error":881.1613150481587},"median_abs_dev":{"confidence_interval":{"confidence_level":0.95,"lower_bound":4924.4028625740775,"upper_bound":7624.746914633584},"point_estimate":6428.129885877931,"standard_error":681.8333107668826},"slope":null,"std_dev":{"confidence_interval":{"confidence_level":0.95,"lower_bound":5877.572780705061,"upper_bound":9525.265381452078},"point_estimate":7792.337252850687,"standard_error":930.2667092155859}}