{"mean":{"confidence_interval":{"confidence_level":0.95,"lower_bound":3703761.878857144,"upper_bound":3705132.673196429},"point_estimate":3704407.8178571444,"standard_error":349.4844334582166},"median":{"confidence_interval":{"confidence_level":0.95,"lower_bound":3703651.928571428,"upper_bound":3704401.9285714286},"point_estimate":3703830.5357142854,"standard_error":204.3500407044144},"median_abs_dev":{"confidence_interval":{"confidence_level":0.95,"lower_bound":1503.7270233035088,"upper_bound":3198.1799432211037},"point_estimate":2335.0949585437775,"standard_error":472.00260825713383},"slope":null,"std_dev":{"confidence_interval":{"confidence_level":0.95,"lower_bound":2446.454192533089,"upper_bound":4689.852453911699},"point_estimate":3517.7664343587753,"standard_error":600.4287300654984}}