{"mean":{"confidence_interval":{"confidence_level":0.95,"lower_bound":2274601.33826087,"upper_bound":2287131.008782608},"point_estimate":2279343.085217392,"standard_error":3397.7154590497066},"median":{"confidence_interval":{"confidence_level":0.95,"lower_bound":2275407.0434782607,"upper_bound":2277470.8913043477},"point_estimate":2276403.0217391304,"standard_error":529.7623812124173},"median_abs_dev":{"confidence_interval":{"confidence_level":0.95,"lower_bound":3985.45434228758,"upper_bound":6378.112856331514},"point_estimate":5198.833499006678,"standard_error":585.6048675210014},"slope":null,"std_dev":{"confidence_interval":{"confidence_level":0.95,"lower_bound":6679.695765672259,"upper_bound":57090.61325888972},"point_estimate":34126.72317900097,"standard_error":16420.178008644845}}