{"mean":{"confidence_interval":{"confidence_level":0.95,"lower_bound":4293410.431187499,"upper_bound":4314740.652791666},"point_estimate":4304190.704166665,"standard_error":5440.345754080315},"median":{"confidence_interval":{"confidence_level":0.95,"lower_bound":4306641.083333333,"upper_bound":4320296.5},"point_estimate":4316291.916666666,"standard_error":3840.8558094195564},"median_abs_dev":{"confidence_interval":{"confidence_level":0.95,"lower_bound":34782.474907488555,"upper_bound":60730.78212056342},"point_estimate":45482.83134251695,"standard_error":6178.154432557545},"slope":null,"std_dev":{"confidence_interval":{"confidence_level":0.95,"lower_bound":45531.42834813697,"upper_bound":63071.59572405951},"point_estimate":54625.538697127464,"standard_error":4458.70155945006}}