{"mean":{"confidence_interval":{"confidence_level":0.95,"lower_bound":5039974.918524998,"upper_bound":5172533.092099997},"point_estimate":5102930.825999999,"standard_error":33936.57153086962},"median":{"confidence_interval":{"confidence_level":0.95,"lower_bound":4975288.1,"upper_bound":5086858.4},"point_estimate":5037508.25,"standard_error":27872.794270426522},"median_abs_dev":{"confidence_interval":{"confidence_level":0.95,"lower_bound":187571.8769699335,"upper_bound":304275.10454803775},"point_estimate":253896.2091824418,"standard_error":28696.98808230238},"slope":null,"std_dev":{"confidence_interval":{"confidence_level":0.95,"lower_bound":254595.39400005114,"upper_bound":423706.4527560774},"point_estimate":341483.01661685435,"standard_error":43420.73692445538}}