{"mean":{"confidence_interval":{"confidence_level":0.95,"lower_bound":3774321.7021428575,"upper_bound":3780961.616678572},"point_estimate":3777490.035,"standard_error":1691.2394861170917},"median":{"confidence_interval":{"confidence_level":0.95,"lower_bound":3775109.8571428573,"upper_bound":3784747.285714286},"point_estimate":3782578.6071428573,"standard_error":2359.6258298275984},"median_abs_dev":{"confidence_interval":{"confidence_level":0.95,"lower_bound":6942.953460487948,"upper_bound":19154.83159993346},"point_estimate":11189.658551343751,"standard_error":3048.8254355701342},"slope":null,"std_dev":{"confidence_interval":{"confidence_level":0.95,"lower_bound":12776.483623891085,"upper_bound":22387.055737022427},"point_estimate":16977.549184312804,"standard_error":2762.6678449714263}}