{"mean":{"confidence_interval":{"confidence_level":0.95,"lower_bound":4916355.781954546,"upper_bound":4933799.331000002},"point_estimate":4924682.39818182,"standard_error":4444.030074479702},"median":{"confidence_interval":{"confidence_level":0.95,"lower_bound":4905315.909090909,"upper_bound":4924453.818181818},"point_estimate":4914175.727272727,"standard_error":4039.481874726666},"median_abs_dev":{"confidence_interval":{"confidence_level":0.95,"lower_bound":27302.954597093718,"upper_bound":46058.65463979591},"point_estimate":37498.525052450044,"standard_error":4664.617366214539},"slope":null,"std_dev":{"confidence_interval":{"confidence_level":0.95,"lower_bound":34468.7688299163,"upper_bound":56113.94385156558},"point_estimate":44717.64949184044,"standard_error":5724.634278582619}}