{"mean":{"confidence_interval":{"confidence_level":0.95,"lower_bound":4677339.415863638,"upper_bound":4715785.908454546},"point_estimate":4696091.071818182,"standard_error":9814.739199031219},"median":{"confidence_interval":{"confidence_level":0.95,"lower_bound":4662527.090909091,"upper_bound":4708595.681818182},"point_estimate":4686186.363636363,"standard_error":11386.871440024936},"median_abs_dev":{"confidence_interval":{"confidence_level":0.95,"lower_bound":71569.08016257721,"upper_bound":116216.76630946704},"point_estimate":86672.25533398765,"standard_error":11482.062518640867},"slope":null,"std_dev":{"confidence_interval":{"confidence_level":0.95,"lower_bound":80078.90049859365,"upper_bound":117842.39259535776},"point_estimate":98652.61962938153,"standard_error":9777.164197403948}}