{"mean":{"confidence_interval":{"confidence_level":0.95,"lower_bound":5872417.149472223,"upper_bound":6015301.892916667},"point_estimate":5940925.7422222225,"standard_error":36683.53351581294},"median":{"confidence_interval":{"confidence_level":0.95,"lower_bound":5770251.444444444,"upper_bound":5873433.777777778},"point_estimate":5827609.5,"standard_error":23806.03263798757},"median_abs_dev":{"confidence_interval":{"confidence_level":0.95,"lower_bound":200924.5017995434,"upper_bound":343987.28408383706},"point_estimate":274497.3723600309,"standard_error":37488.51821776279},"slope":null,"std_dev":{"confidence_interval":{"confidence_level":0.95,"lower_bound":288336.7115905235,"upper_bound":455199.60280578193},"point_estimate":372070.6430650247,"standard_error":43093.6730228799}}