{"mean":{"confidence_interval":{"confidence_level":0.95,"lower_bound":3356099.5729499985,"upper_bound":3359454.3169166655},"point_estimate":3357628.117333332,"standard_error":859.5915707454083},"median":{"confidence_interval":{"confidence_level":0.95,"lower_bound":3354681.1333333333,"upper_bound":3357097.7333333334},"point_estimate":3355824.466666667,"standard_error":564.232317732831},"median_abs_dev":{"confidence_interval":{"confidence_level":0.95,"lower_bound":2994.753106832519,"upper_bound":5772.35473752008},"point_estimate":4106.801927089346,"standard_error":668.1811296354932},"slope":null,"std_dev":{"confidence_interval":{"confidence_level":0.95,"lower_bound":4954.5930536527,"upper_bound":12094.752727190215},"point_estimate":8632.925229828194,"standard_error":1871.2080269204107}}