{"mean":{"confidence_interval":{"confidence_level":0.95,"lower_bound":5600154.86111111,"upper_bound":5691875.262333332},"point_estimate":5644769.135555556,"standard_error":23418.40390307225},"median":{"confidence_interval":{"confidence_level":0.95,"lower_bound":5543863.888888889,"upper_bound":5659553.777777778},"point_estimate":5604318.166666666,"standard_error":31834.974837184836},"median_abs_dev":{"confidence_interval":{"confidence_level":0.95,"lower_bound":155034.24374759174,"upper_bound":261439.20835852646},"point_estimate":209746.79530958366,"standard_error":27334.418215795467},"slope":null,"std_dev":{"confidence_interval":{"confidence_level":0.95,"lower_bound":189433.09091617496,"upper_bound":281739.5561333646},"point_estimate":235683.23973837253,"standard_error":23723.95121252793}}