{"mean":{"confidence_interval":{"confidence_level":0.95,"lower_bound":5069402.834475004,"upper_bound":5083547.316400004},"point_estimate":5076015.870000003,"standard_error":3615.219447471596},"median":{"confidence_interval":{"confidence_level":0.95,"lower_bound":5060072.15,"upper_bound":5071092.1},"point_estimate":5064082.15,"standard_error":2821.867233584519},"median_abs_dev":{"confidence_interval":{"confidence_level":0.95,"lower_bound":12505.730777978897,"upper_bound":23491.87441943695},"point_estimate":17346.49382203928,"standard_error":2805.310014548366},"slope":null,"std_dev":{"confidence_interval":{"confidence_level":0.95,"lower_bound":23935.069637282122,"upper_bound":47459.36552947184},"point_estimate":36390.813727169676,"standard_error":6022.312042862883}}