{"mean":{"confidence_interval":{"confidence_level":0.95,"lower_bound":6468288.87578125,"upper_bound":6501119.55296875},"point_estimate":6483880.84375,"standard_error":8399.10717494314},"median":{"confidence_interval":{"confidence_level":0.95,"lower_bound":6444180.0625,"upper_bound":6457506.3125},"point_estimate":6448636.4375,"standard_error":3417.68621345378},"median_abs_dev":{"confidence_interval":{"confidence_level":0.95,"lower_bound":20263.89381961899,"upper_bound":39090.601556003094},"point_estimate":26131.38051107526,"standard_error":4860.089688034613},"slope":null,"std_dev":{"confidence_interval":{"confidence_level":0.95,"lower_bound":65312.13326020715,"upper_bound":99762.23915475214},"point_estimate":84185.79399755178,"standard_error":8768.531046549577}}