{"mean":{"confidence_interval":{"confidence_level":0.95,"lower_bound":8476660.048541665,"upper_bound":8595096.283875002},"point_estimate":8529142.393333336,"standard_error":30222.51306462652},"median":{"confidence_interval":{"confidence_level":0.95,"lower_bound":8441169.166666666,"upper_bound":8524510.166666666},"point_estimate":8478777.0,"standard_error":20713.111777575006},"median_abs_dev":{"confidence_interval":{"confidence_level":0.95,"lower_bound":119027.07948684739,"upper_bound":221437.05491870778},"point_estimate":166321.52444720222,"standard_error":27959.51129926229},"slope":null,"std_dev":{"confidence_interval":{"confidence_level":0.95,"lower_bound":172144.22575203452,"upper_bound":449529.026939836},"point_estimate":303324.3825948386,"standard_error":84838.9936353528}}