{"mean":{"confidence_interval":{"confidence_level":0.95,"lower_bound":5399894.1931,"upper_bound":5411664.918999999},"point_estimate":5405654.9520000005,"standard_error":3007.9683265559265},"median":{"confidence_interval":{"confidence_level":0.95,"lower_bound":5391242.1,"upper_bound":5405802.3},"point_estimate":5397927.25,"standard_error":3604.403481828067},"median_abs_dev":{"confidence_interval":{"confidence_level":0.95,"lower_bound":18621.63172814916,"upper_bound":34239.35838337933},"point_estimate":23744.135098457613,"standard_error":4235.3822193791475},"slope":null,"std_dev":{"confidence_interval":{"confidence_level":0.95,"lower_bound":24650.548182478575,"upper_bound":35346.72818076957},"point_estimate":30207.299890697977,"standard_error":2733.4301832410047}}