{"mean":{"confidence_interval":{"confidence_level":0.95,"lower_bound":8023154.801285714,"upper_bound":8271748.481857142},"point_estimate":8146957.171428572,"standard_error":63408.532569396295},"median":{"confidence_interval":{"confidence_level":0.95,"lower_bound":7756748.285714285,"upper_bound":8414800.07142857},"point_estimate":8058732.642857143,"standard_error":201701.17810747057},"median_abs_dev":{"confidence_interval":{"confidence_level":0.95,"lower_bound":542699.4722651587,"upper_bound":1006104.2029380798},"point_estimate":831906.5426307061,"standard_error":114503.18582237155},"slope":null,"std_dev":{"confidence_interval":{"confidence_level":0.95,"lower_bound":577754.2317119872,"upper_bound":685001.9409424629},"point_estimate":635852.9850795172,"standard_error":27402.440416956546}}