{"mean":{"confidence_interval":{"confidence_level":0.95,"lower_bound":6755094.77165625,"upper_bound":6779588.49859375},"point_estimate":6766882.18,"standard_error":6254.428622323058},"median":{"confidence_interval":{"confidence_level":0.95,"lower_bound":6748140.125,"upper_bound":6764842.625},"point_estimate":6756792.25,"standard_error":4387.371815443628},"median_abs_dev":{"confidence_interval":{"confidence_level":0.95,"lower_bound":25678.81686910987,"upper_bound":55160.31734570861},"point_estimate":37654.70348149538,"standard_error":7531.327644478274},"slope":null,"std_dev":{"confidence_interval":{"confidence_level":0.95,"lower_bound":47336.54368684254,"upper_bound":77192.12616018073},"point_estimate":62725.973182605645,"standard_error":7644.640385766914}}