{"mean":{"confidence_interval":{"confidence_level":0.95,"lower_bound":8247611.066678572,"upper_bound":8381873.030357142},"point_estimate":8313351.288571426,"standard_error":34289.350314329415},"median":{"confidence_interval":{"confidence_level":0.95,"lower_bound":8172422.714285715,"upper_bound":8338446.071428571},"point_estimate":8293109.928571429,"standard_error":47698.23515202969},"median_abs_dev":{"confidence_interval":{"confidence_level":0.95,"lower_bound":228863.23933686578,"upper_bound":388424.46090408775},"point_estimate":317036.4249714788,"standard_error":39346.74441956683},"slope":null,"std_dev":{"confidence_interval":{"confidence_level":0.95,"lower_bound":279280.1400296044,"upper_bound":410520.87687865883},"point_estimate":344357.7797460096,"standard_error":33849.641582989505}}