{"mean":{"confidence_interval":{"confidence_level":0.95,"lower_bound":6381639.640718751,"upper_bound":6398243.45275},"point_estimate":6390032.23875,"standard_error":4235.516398072763},"median":{"confidence_interval":{"confidence_level":0.95,"lower_bound":6383283.875,"upper_bound":6403192.0625},"point_estimate":6397085.625,"standard_error":5311.911610262499},"median_abs_dev":{"confidence_interval":{"confidence_level":0.95,"lower_bound":28869.742662459612,"upper_bound":47817.467621695185},"point_estimate":35437.47522085905,"standard_error":4768.544463204209},"slope":null,"std_dev":{"confidence_interval":{"confidence_level":0.95,"lower_bound":35369.175112243574,"upper_bound":49453.328672317},"point_estimate":42657.75610634159,"standard_error":3617.0402732287416}}