{"mean":{"confidence_interval":{"confidence_level":0.95,"lower_bound":5368193.6264,"upper_bound":5456595.9921999965},"point_estimate":5411805.318999998,"standard_error":22532.15647504175},"median":{"confidence_interval":{"confidence_level":0.95,"lower_bound":5302471.7,"upper_bound":5454302.4},"point_estimate":5358627.0,"standard_error":37594.07450474389},"median_abs_dev":{"confidence_interval":{"confidence_level":0.95,"lower_bound":173616.12264619803,"upper_bound":296220.2130210397},"point_estimate":236094.40890848637,"standard_error":30948.813922023484},"slope":null,"std_dev":{"confidence_interval":{"confidence_level":0.95,"lower_bound":197113.58737361123,"upper_bound":251536.9030294561},"point_estimate":226380.51281665533,"standard_error":13859.294697464089}}