{"mean":{"confidence_interval":{"confidence_level":0.95,"lower_bound":7621679.01660714,"upper_bound":7747606.941142857},"point_estimate":7683483.990000002,"standard_error":32171.56307306954},"median":{"confidence_interval":{"confidence_level":0.95,"lower_bound":7570376.142857143,"upper_bound":7681788.857142857},"point_estimate":7618389.785714285,"standard_error":28010.78728758507},"median_abs_dev":{"confidence_interval":{"confidence_level":0.95,"lower_bound":193933.5016569916,"upper_bound":369567.16593887104},"point_estimate":270413.9507991924,"standard_error":42807.210388744},"slope":null,"std_dev":{"confidence_interval":{"confidence_level":0.95,"lower_bound":269707.62588434806,"upper_bound":375799.8107686473},"point_estimate":323756.18704692577,"standard_error":27137.677697655014}}