{"mean":{"confidence_interval":{"confidence_level":0.95,"lower_bound":7217371.436500002,"upper_bound":7385674.312964284},"point_estimate":7297509.052857144,"standard_error":42921.25050437573},"median":{"confidence_interval":{"confidence_level":0.95,"lower_bound":7102525.857142857,"upper_bound":7279612.928571429},"point_estimate":7184422.642857144,"standard_error":56228.85107839186},"median_abs_dev":{"confidence_interval":{"confidence_level":0.95,"lower_bound":229252.7395299498,"upper_bound":395767.35497372434},"point_estimate":292096.7636142471,"standard_error":45986.92455788065},"slope":null,"std_dev":{"confidence_interval":{"confidence_level":0.95,"lower_bound":330552.10752823803,"upper_bound":516624.3054737938},"point_estimate":430873.9475660152,"standard_error":47236.54082137961}}