{"mean":{"confidence_interval":{"confidence_level":0.95,"lower_bound":4125917.1474423097,"upper_bound":4131555.827307693},"point_estimate":4128564.444615387,"standard_error":1440.1619660945782},"median":{"confidence_interval":{"confidence_level":0.95,"lower_bound":4121437.6923076925,"upper_bound":4124290.692307692},"point_estimate":4122993.884615385,"standard_error":690.1172123264696},"median_abs_dev":{"confidence_interval":{"confidence_level":0.95,"lower_bound":3792.091571138774,"upper_bound":7886.235800952795},"point_estimate":6133.345021881121,"standard_error":1052.6618315240455},"slope":null,"std_dev":{"confidence_interval":{"confidence_level":0.95,"lower_bound":10226.121540519936,"upper_bound":18286.961127031784},"point_estimate":14475.531582083435,"standard_error":2062.310249943712}}