{"mean":{"confidence_interval":{"confidence_level":0.95,"lower_bound":7747057.169678573,"upper_bound":7802335.385071433},"point_estimate":7775108.05285714,"standard_error":14143.683771718046},"median":{"confidence_interval":{"confidence_level":0.95,"lower_bound":7763369.428571428,"upper_bound":7818029.642857143},"point_estimate":7796793.214285715,"standard_error":17719.2897538653},"median_abs_dev":{"confidence_interval":{"confidence_level":0.95,"lower_bound":108447.5284746717,"upper_bound":183893.16519524407},"point_estimate":145080.34992430912,"standard_error":19891.259100520547},"slope":null,"std_dev":{"confidence_interval":{"confidence_level":0.95,"lower_bound":123607.47033086767,"upper_bound":158147.99281093464},"point_estimate":141935.70185725673,"standard_error":8765.402846412919}}