{"mean":{"confidence_interval":{"confidence_level":0.95,"lower_bound":9345550.672666661,"upper_bound":9383712.415833334},"point_estimate":9361968.156666668,"standard_error":9830.868681939644},"median":{"confidence_interval":{"confidence_level":0.95,"lower_bound":9337647.583333332,"upper_bound":9349339.5},"point_estimate":9343656.0,"standard_error":2530.1259294042206},"median_abs_dev":{"confidence_interval":{"confidence_level":0.95,"lower_bound":20756.64673149632,"upper_bound":34359.87213999079},"point_estimate":25850.983791053295,"standard_error":3551.6561224523853},"slope":null,"std_dev":{"confidence_interval":{"confidence_level":0.95,"lower_bound":27687.253034706715,"upper_bound":149279.801499457},"point_estimate":99249.38113657241,"standard_error":30690.476750326117}}