{"mean":{"confidence_interval":{"confidence_level":0.95,"lower_bound":10896193.2414,"upper_bound":10920344.834150001},"point_estimate":10908197.37,"standard_error":6163.972501334226},"median":{"confidence_interval":{"confidence_level":0.95,"lower_bound":10890425.8,"upper_bound":10910899.5},"point_estimate":10901929.0,"standard_error":5661.590826512624},"median_abs_dev":{"confidence_interval":{"confidence_level":0.95,"lower_bound":43626.69030546976,"upper_bound":87718.91700267736},"point_estimate":64944.995326996956,"standard_error":12312.819580032989},"slope":null,"std_dev":{"confidence_interval":{"confidence_level":0.95,"lower_bound":54259.925435025136,"upper_bound":69205.74587239581},"point_estimate":62221.32423552985,"standard_error":3818.7014442639884}}