{"mean":{"confidence_interval":{"confidence_level":0.95,"lower_bound":11276581.1182,"upper_bound":11596531.562800005},"point_estimate":11428233.492,"standard_error":81605.75205151261},"median":{"confidence_interval":{"confidence_level":0.95,"lower_bound":11102860.2,"upper_bound":11248356.7},"point_estimate":11199667.100000001,"standard_error":36228.73252334062},"median_abs_dev":{"confidence_interval":{"confidence_level":0.95,"lower_bound":248743.35884392343,"upper_bound":466180.13664364844},"point_estimate":345939.79617834254,"standard_error":56610.58180118098},"slope":null,"std_dev":{"confidence_interval":{"confidence_level":0.95,"lower_bound":587088.0297232857,"upper_bound":1016284.1265830508},"point_estimate":818911.1136574197,"standard_error":109247.48082233536}}