{"mean":{"confidence_interval":{"confidence_level":0.95,"lower_bound":11066749.718,"upper_bound":11204956.0193},"point_estimate":11133918.258,"standard_error":35251.899852736824},"median":{"confidence_interval":{"confidence_level":0.95,"lower_bound":10961994.2,"upper_bound":11151675.1},"point_estimate":11083714.8,"standard_error":46849.34118660335},"median_abs_dev":{"confidence_interval":{"confidence_level":0.95,"lower_bound":243517.93523669188,"upper_bound":396182.292346358},"point_estimate":324201.6188442707,"standard_error":40980.17796784601},"slope":null,"std_dev":{"confidence_interval":{"confidence_level":0.95,"lower_bound":288721.0214501192,"upper_bound":410501.109833532},"point_estimate":353300.8295032334,"standard_error":31010.114879672405}}