{"mean":{"confidence_interval":{"confidence_level":0.95,"lower_bound":8862456.013624998,"upper_bound":8871135.719208332},"point_estimate":8866346.44,"standard_error":2223.3621387925746},"median":{"confidence_interval":{"confidence_level":0.95,"lower_bound":8860162.833333334,"upper_bound":8867104.583333332},"point_estimate":8863429.583333334,"standard_error":1842.0072082696518},"median_abs_dev":{"confidence_interval":{"confidence_level":0.95,"lower_bound":12083.1897854805,"upper_bound":18495.558221639123},"point_estimate":15406.931826473203,"standard_error":1665.0644409487456},"slope":null,"std_dev":{"confidence_interval":{"confidence_level":0.95,"lower_bound":12715.670226942042,"upper_bound":32953.88526403707},"point_estimate":22257.195505806223,"standard_error":6117.147639038533}}