{"mean":{"confidence_interval":{"confidence_level":0.95,"lower_bound":8622166.47316667,"upper_bound":8632139.907249996},"point_estimate":8627115.938333334,"standard_error":2550.031888827923},"median":{"confidence_interval":{"confidence_level":0.95,"lower_bound":8621489.5,"upper_bound":8633639.166666666},"point_estimate":8629697.833333332,"standard_error":3420.4206009736636},"median_abs_dev":{"confidence_interval":{"confidence_level":0.95,"lower_bound":19730.687549710736,"upper_bound":32345.142325758934},"point_estimate":28131.963850557804,"standard_error":3396.6493071121986},"slope":null,"std_dev":{"confidence_interval":{"confidence_level":0.95,"lower_bound":21829.515402013098,"upper_bound":29678.48670845467},"point_estimate":25864.16895457508,"standard_error":2019.2491143685647}}