{"mean":{"confidence_interval":{"confidence_level":0.95,"lower_bound":8960408.859916667,"upper_bound":8971750.267208327},"point_estimate":8965659.461666668,"standard_error":2892.384832317399},"median":{"confidence_interval":{"confidence_level":0.95,"lower_bound":8956895.833333332,"upper_bound":8966787.666666666},"point_estimate":8962070.916666668,"standard_error":2341.954811884877},"median_abs_dev":{"confidence_interval":{"confidence_level":0.95,"lower_bound":15518.126824497716,"upper_bound":26415.66596727988},"point_estimate":21337.33172118756,"standard_error":2732.5001122790623},"slope":null,"std_dev":{"confidence_interval":{"confidence_level":0.95,"lower_bound":19190.991321230264,"upper_bound":40481.208100866206},"point_estimate":29052.588705355003,"standard_error":6160.153856029082}}