{"mean":{"confidence_interval":{"confidence_level":0.95,"lower_bound":8742674.114791669,"upper_bound":8768703.395583333},"point_estimate":8753060.991666667,"standard_error":6821.370842773365},"median":{"confidence_interval":{"confidence_level":0.95,"lower_bound":8737078.333333334,"upper_bound":8749386.583333332},"point_estimate":8743645.0,"standard_error":3220.358738097824},"median_abs_dev":{"confidence_interval":{"confidence_level":0.95,"lower_bound":17581.164687870092,"upper_bound":27922.728840521475},"point_estimate":23474.49958324386,"standard_error":2551.604666782044},"slope":null,"std_dev":{"confidence_interval":{"confidence_level":0.95,"lower_bound":22034.994874448188,"upper_bound":111964.27766314866},"point_estimate":68724.67346189909,"standard_error":29087.594603141944}}