{"mean":{"confidence_interval":{"confidence_level":0.95,"lower_bound":9557131.025291668,"upper_bound":9812877.801416667},"point_estimate":9678016.504999999,"standard_error":65237.43565409681},"median":{"confidence_interval":{"confidence_level":0.95,"lower_bound":9421338.833333334,"upper_bound":9562742.0},"point_estimate":9465373.25,"standard_error":40413.54142413379},"median_abs_dev":{"confidence_interval":{"confidence_level":0.95,"lower_bound":252232.75672197388,"upper_bound":487514.33019489236},"point_estimate":330404.6935841446,"standard_error":60480.26669391479},"slope":null,"std_dev":{"confidence_interval":{"confidence_level":0.95,"lower_bound":460174.29093077005,"upper_bound":837952.8276198943},"point_estimate":659384.3157671827,"standard_error":96659.17442159858}}