{"mean":{"confidence_interval":{"confidence_level":0.95,"lower_bound":7895972.757571429,"upper_bound":8034610.427035714},"point_estimate":7964207.965714284,"standard_error":35379.10251676686},"median":{"confidence_interval":{"confidence_level":0.95,"lower_bound":7874512.714285715,"upper_bound":7988291.142857143},"point_estimate":7935669.714285715,"standard_error":28758.883828247028},"median_abs_dev":{"confidence_interval":{"confidence_level":0.95,"lower_bound":229156.7941316534,"upper_bound":424404.4088653158},"point_estimate":360387.8600018361,"standard_error":51173.47252729415},"slope":null,"std_dev":{"confidence_interval":{"confidence_level":0.95,"lower_bound":291417.2495303347,"upper_bound":416436.7223951543},"point_estimate":356909.2683512962,"standard_error":31866.432996181942}}