{"mean":{"confidence_interval":{"confidence_level":0.95,"lower_bound":6830926.6776875,"upper_bound":6887716.58621875},"point_estimate":6859238.0475,"standard_error":14448.999200322629},"median":{"confidence_interval":{"confidence_level":0.95,"lower_bound":6832743.3125,"upper_bound":6888953.5},"point_estimate":6868777.375,"standard_error":15673.323327009934},"median_abs_dev":{"confidence_interval":{"confidence_level":0.95,"lower_bound":95681.53521381319,"upper_bound":165239.47356641293},"point_estimate":136623.81147444248,"standard_error":16823.387922846694},"slope":null,"std_dev":{"confidence_interval":{"confidence_level":0.95,"lower_bound":124554.95053660906,"upper_bound":164369.22858028192},"point_estimate":145697.28584103973,"standard_error":10093.141313640706}}