{"mean":{"confidence_interval":{"confidence_level":0.95,"lower_bound":6833996.440125,"upper_bound":6871194.54646875},"point_estimate":6852009.3975,"standard_error":9488.818309953791},"median":{"confidence_interval":{"confidence_level":0.95,"lower_bound":6814964.5,"upper_bound":6855091.5},"point_estimate":6828471.4375,"standard_error":10568.291919989771},"median_abs_dev":{"confidence_interval":{"confidence_level":0.95,"lower_bound":46806.05181902647,"upper_bound":88435.14251746237},"point_estimate":66385.0817464292,"standard_error":10532.557902866076},"slope":null,"std_dev":{"confidence_interval":{"confidence_level":0.95,"lower_bound":75758.29446487613,"upper_bound":113315.9803567946},"point_estimate":95625.29050059423,"standard_error":9596.005650183073}}