{"mean":{"confidence_interval":{"confidence_level":0.95,"lower_bound":8456030.59466667,"upper_bound":8545140.513916671},"point_estimate":8501137.740000002,"standard_error":22786.486821659833},"median":{"confidence_interval":{"confidence_level":0.95,"lower_bound":8466859.333333332,"upper_bound":8570294.0},"point_estimate":8519643.416666668,"standard_error":25881.770924563716},"median_abs_dev":{"confidence_interval":{"confidence_level":0.95,"lower_bound":155748.36273491476,"upper_bound":251847.71624255917},"point_estimate":209011.75518930028,"standard_error":24276.847613286714},"slope":null,"std_dev":{"confidence_interval":{"confidence_level":0.95,"lower_bound":189563.78512597567,"upper_bound":263998.8397773329},"point_estimate":228598.55556694645,"standard_error":19076.277644661182}}