{"mean":{"confidence_interval":{"confidence_level":0.95,"lower_bound":13570633.60125,"upper_bound":13734837.995},"point_estimate":13651001.72,"standard_error":42041.137728051785},"median":{"confidence_interval":{"confidence_level":0.95,"lower_bound":13483252.875,"upper_bound":13728605.25},"point_estimate":13587203.875,"standard_error":63313.548889655125},"median_abs_dev":{"confidence_interval":{"confidence_level":0.95,"lower_bound":309903.2393731177,"upper_bound":478884.23929810524},"point_estimate":376361.52449324727,"standard_error":44196.17602386155},"slope":null,"std_dev":{"confidence_interval":{"confidence_level":0.95,"lower_bound":350811.87325825886,"upper_bound":490007.4313709477},"point_estimate":422783.1688105175,"standard_error":35514.98436772143}}