{"mean":{"confidence_interval":{"confidence_level":0.95,"lower_bound":10653205.14535,"upper_bound":10671807.047099998},"point_estimate":10662488.503999997,"standard_error":4745.966869430899},"median":{"confidence_interval":{"confidence_level":0.95,"lower_bound":10666319.8,"upper_bound":10675099.6},"point_estimate":10672530.5,"standard_error":2288.2683109473746},"median_abs_dev":{"confidence_interval":{"confidence_level":0.95,"lower_bound":13880.39747357258,"upper_bound":26104.137736558914},"point_estimate":17988.088960647307,"standard_error":3198.5906597991443},"slope":null,"std_dev":{"confidence_interval":{"confidence_level":0.95,"lower_bound":37015.2742546256,"upper_bound":57681.79048671911},"point_estimate":47592.936996388526,"standard_error":5286.2173646898145}}