{"mean":{"confidence_interval":{"confidence_level":0.95,"lower_bound":6818144.2880625,"upper_bound":7024970.0830625},"point_estimate":6920599.80875,"standard_error":52844.19386881075},"median":{"confidence_interval":{"confidence_level":0.95,"lower_bound":6721194.6875,"upper_bound":7061801.875},"point_estimate":6884662.3125,"standard_error":85360.11375830344},"median_abs_dev":{"confidence_interval":{"confidence_level":0.95,"lower_bound":481655.95994889736,"upper_bound":774241.2270169705},"point_estimate":616898.4515603632,"standard_error":72751.85136896261},"slope":null,"std_dev":{"confidence_interval":{"confidence_level":0.95,"lower_bound":471059.03215476236,"upper_bound":581024.2195060374},"point_estimate":530685.875612658,"standard_error":28064.275766459752}}