{"mean":{"confidence_interval":{"confidence_level":0.95,"lower_bound":5292677.007324998,"upper_bound":5322789.1655749995},"point_estimate":5307664.537999999,"standard_error":7677.626461559855},"median":{"confidence_interval":{"confidence_level":0.95,"lower_bound":5292616.9,"upper_bound":5310138.3},"point_estimate":5300457.45,"standard_error":4533.727826366952},"median_abs_dev":{"confidence_interval":{"confidence_level":0.95,"lower_bound":27038.101589978018,"upper_bound":67212.33546674265},"point_estimate":47165.21166265011,"standard_error":10523.931115755751},"slope":null,"std_dev":{"confidence_interval":{"confidence_level":0.95,"lower_bound":62651.049240711654,"upper_bound":90661.33804690659},"point_estimate":77082.80051426236,"standard_error":7183.864184552041}}