{"mean":{"confidence_interval":{"confidence_level":0.95,"lower_bound":4624771.348187501,"upper_bound":4769265.124145833},"point_estimate":4692888.3375,"standard_error":36880.44587277521},"median":{"confidence_interval":{"confidence_level":0.95,"lower_bound":4521830.583333333,"upper_bound":4808525.333333333},"point_estimate":4695791.666666667,"standard_error":68745.37761891607},"median_abs_dev":{"confidence_interval":{"confidence_level":0.95,"lower_bound":259644.52109038853,"upper_bound":401942.94844346074},"point_estimate":347807.08142519044,"standard_error":36500.75866036623},"slope":null,"std_dev":{"confidence_interval":{"confidence_level":0.95,"lower_bound":260748.20976868254,"upper_bound":505468.2998823164},"point_estimate":372000.3650102014,"standard_error":71242.84197596887}}