{"mean":{"confidence_interval":{"confidence_level":0.95,"lower_bound":6569565.76171875,"upper_bound":6590462.92071875},"point_estimate":6579752.82875,"standard_error":5326.909408475342},"median":{"confidence_interval":{"confidence_level":0.95,"lower_bound":6553731.8125,"upper_bound":6581094.75},"point_estimate":6562506.9375,"standard_error":6706.817893506094},"median_abs_dev":{"confidence_interval":{"confidence_level":0.95,"lower_bound":34128.2467816025,"upper_bound":60648.531798273325},"point_estimate":45711.05907596648,"standard_error":6998.503706633563},"slope":null,"std_dev":{"confidence_interval":{"confidence_level":0.95,"lower_bound":44304.9561907861,"upper_bound":61911.51028287818},"point_estimate":53607.57156758683,"standard_error":4509.5397520063425}}