{"mean":{"confidence_interval":{"confidence_level":0.95,"lower_bound":6779722.2349375,"upper_bound":6789456.61009375},"point_estimate":6784380.17375,"standard_error":2481.051089915187},"median":{"confidence_interval":{"confidence_level":0.95,"lower_bound":6773048.8125,"upper_bound":6781561.375},"point_estimate":6778486.3125,"standard_error":2392.6966521861796},"median_abs_dev":{"confidence_interval":{"confidence_level":0.95,"lower_bound":12083.282447978854,"upper_bound":21646.332582263276},"point_estimate":16818.428776413202,"standard_error":2502.561184779697},"slope":null,"std_dev":{"confidence_interval":{"confidence_level":0.95,"lower_bound":19342.014090170436,"upper_bound":29942.442839838728},"point_estimate":25047.007640753505,"standard_error":2708.009982151064}}