{"mean":{"confidence_interval":{"confidence_level":0.95,"lower_bound":4729062.081840909,"upper_bound":4800974.854931817},"point_estimate":4764041.38818182,"standard_error":18405.071393834063},"median":{"confidence_interval":{"confidence_level":0.95,"lower_bound":4702453.909090909,"upper_bound":4797345.363636363},"point_estimate":4750504.181818182,"standard_error":22141.376246806456},"median_abs_dev":{"confidence_interval":{"confidence_level":0.95,"lower_bound":139729.04972840447,"upper_bound":209263.39283937795},"point_estimate":178350.9812154545,"standard_error":17339.97859644618},"slope":null,"std_dev":{"confidence_interval":{"confidence_level":0.95,"lower_bound":147220.60864898513,"upper_bound":223440.41127703365},"point_estimate":184629.9195636656,"standard_error":19721.897097775098}}