{"mean":{"confidence_interval":{"confidence_level":0.95,"lower_bound":7872924.563642854,"upper_bound":7978667.234285716},"point_estimate":7922011.842857143,"standard_error":27019.873896247278},"median":{"confidence_interval":{"confidence_level":0.95,"lower_bound":7816936.928571428,"upper_bound":7869266.714285715},"point_estimate":7841995.0,"standard_error":15751.208707283178},"median_abs_dev":{"confidence_interval":{"confidence_level":0.95,"lower_bound":91392.75737745411,"upper_bound":162368.84231737643},"point_estimate":122485.73812544346,"standard_error":18561.300357939},"slope":null,"std_dev":{"confidence_interval":{"confidence_level":0.95,"lower_bound":179536.99327412626,"upper_bound":358113.43667463685},"point_estimate":272879.2334252632,"standard_error":45807.1854242745}}