{"mean":{"confidence_interval":{"confidence_level":0.95,"lower_bound":6970650.50440625,"upper_bound":7005294.74115625},"point_estimate":6987083.725,"standard_error":8799.284587084334},"median":{"confidence_interval":{"confidence_level":0.95,"lower_bound":6961952.5,"upper_bound":6986500.125},"point_estimate":6975712.0625,"standard_error":6143.785740922842},"median_abs_dev":{"confidence_interval":{"confidence_level":0.95,"lower_bound":40563.19397985935,"upper_bound":77377.07795128226},"point_estimate":57657.57167637348,"standard_error":8639.706421170078},"slope":null,"std_dev":{"confidence_interval":{"confidence_level":0.95,"lower_bound":61046.66333797274,"upper_bound":114802.88805508806},"point_estimate":88209.15272147908,"standard_error":13910.346072291044}}