{"mean":{"confidence_interval":{"confidence_level":0.95,"lower_bound":3967865.9429807677,"upper_bound":3973234.2478846144},"point_estimate":3970126.557692307,"standard_error":1394.3330378027574},"median":{"confidence_interval":{"confidence_level":0.95,"lower_bound":3967057.115384615,"upper_bound":3967895.3076923075},"point_estimate":3967418.9615384615,"standard_error":208.73023738460972},"median_abs_dev":{"confidence_interval":{"confidence_level":0.95,"lower_bound":1727.678026058418,"upper_bound":2879.2661719597836},"point_estimate":2286.6253440197493,"standard_error":286.36667743293225},"slope":null,"std_dev":{"confidence_interval":{"confidence_level":0.95,"lower_bound":3282.3683768234264,"upper_bound":21486.99501765642},"point_estimate":13935.350192815344,"standard_error":4877.167882848475}}