{"mean":{"confidence_interval":{"confidence_level":0.95,"lower_bound":6111471.105000001,"upper_bound":6228778.2764444435},"point_estimate":6167984.8133333335,"standard_error":29962.792792064043},"median":{"confidence_interval":{"confidence_level":0.95,"lower_bound":5998787.666666667,"upper_bound":6129923.888888889},"point_estimate":6022371.555555556,"standard_error":40447.91496068485},"median_abs_dev":{"confidence_interval":{"confidence_level":0.95,"lower_bound":102371.77377253787,"upper_bound":262171.6436330235},"point_estimate":157455.49423793913,"standard_error":43487.9301854641},"slope":null,"std_dev":{"confidence_interval":{"confidence_level":0.95,"lower_bound":237164.13636141716,"upper_bound":362260.3175728215},"point_estimate":301433.45619414694,"standard_error":32081.62773097316}}