{"mean":{"confidence_interval":{"confidence_level":0.95,"lower_bound":6332982.22934375,"upper_bound":6503728.78809375},"point_estimate":6414379.155,"standard_error":43809.9267095799},"median":{"confidence_interval":{"confidence_level":0.95,"lower_bound":6250358.5,"upper_bound":6405345.875},"point_estimate":6290789.75,"standard_error":38813.153282765255},"median_abs_dev":{"confidence_interval":{"confidence_level":0.95,"lower_bound":214048.1936311351,"upper_bound":377877.2976413369},"point_estimate":255544.45263817906,"standard_error":44472.684818396934},"slope":null,"std_dev":{"confidence_interval":{"confidence_level":0.95,"lower_bound":321222.42697338504,"upper_bound":543524.6528410648},"point_estimate":438765.3295754191,"standard_error":57127.2612381583}}