{"mean":{"confidence_interval":{"confidence_level":0.95,"lower_bound":6674559.8694375,"upper_bound":6804199.61271875},"point_estimate":6738184.72375,"standard_error":33060.38714620394},"median":{"confidence_interval":{"confidence_level":0.95,"lower_bound":6613934.25,"upper_bound":6780960.1875},"point_estimate":6712984.875,"standard_error":35361.23189112987},"median_abs_dev":{"confidence_interval":{"confidence_level":0.95,"lower_bound":240015.46885762367,"upper_bound":370932.15304369986},"point_estimate":304314.39344733953,"standard_error":34011.32776156079},"slope":null,"std_dev":{"confidence_interval":{"confidence_level":0.95,"lower_bound":274238.00620707794,"upper_bound":385411.28168297664},"point_estimate":332393.7273441116,"standard_error":28404.91767921192}}