{"mean":{"confidence_interval":{"confidence_level":0.95,"lower_bound":6321954.79721875,"upper_bound":6404562.8488125},"point_estimate":6362395.2075,"standard_error":21097.80376193615},"median":{"confidence_interval":{"confidence_level":0.95,"lower_bound":6303862.375,"upper_bound":6385644.625},"point_estimate":6340678.1875,"standard_error":22034.818796018717},"median_abs_dev":{"confidence_interval":{"confidence_level":0.95,"lower_bound":137421.45026028156,"upper_bound":226079.6314112842},"point_estimate":169272.42348231375,"standard_error":22870.74165666211},"slope":null,"std_dev":{"confidence_interval":{"confidence_level":0.95,"lower_bound":165745.94321398356,"upper_bound":255492.21290440403},"point_estimate":212028.0933192331,"standard_error":23046.606316783942}}