{"mean":{"confidence_interval":{"confidence_level":0.95,"lower_bound":5287077.995025002,"upper_bound":5298934.513375},"point_estimate":5292738.56,"standard_error":3036.6705951727754},"median":{"confidence_interval":{"confidence_level":0.95,"lower_bound":5279552.9,"upper_bound":5286733.3},"point_estimate":5283287.3,"standard_error":1954.2078036109306},"median_abs_dev":{"confidence_interval":{"confidence_level":0.95,"lower_bound":12283.242559679118,"upper_bound":21334.613621234894},"point_estimate":16233.431891798697,"standard_error":2336.7885548088793},"slope":null,"std_dev":{"confidence_interval":{"confidence_level":0.95,"lower_bound":23260.97718256623,"upper_bound":36836.14747985943},"point_estimate":30618.57061081221,"standard_error":3457.1860038517825}}