{"mean":{"confidence_interval":{"confidence_level":0.95,"lower_bound":3491656.6040833327,"upper_bound":3579531.008916667},"point_estimate":3530866.4926666664,"standard_error":22571.640524862225},"median":{"confidence_interval":{"confidence_level":0.95,"lower_bound":3463347.933333333,"upper_bound":3479208.333333333},"point_estimate":3471893.7,"standard_error":4004.614705079274},"median_abs_dev":{"confidence_interval":{"confidence_level":0.95,"lower_bound":16412.529968619485,"upper_bound":28824.263908266952},"point_estimate":23933.018335104127,"standard_error":3191.239892360083},"slope":null,"std_dev":{"confidence_interval":{"confidence_level":0.95,"lower_bound":112759.02389092922,"upper_bound":314924.4604830868},"point_estimate":226418.00465481204,"standard_error":51509.26820259073}}