{"mean":{"confidence_interval":{"confidence_level":0.95,"lower_bound":6936458.563625,"upper_bound":7051698.449},"point_estimate":6991557.54625,"standard_error":29399.254500625157},"median":{"confidence_interval":{"confidence_level":0.95,"lower_bound":6875184.0,"upper_bound":6968803.5},"point_estimate":6921440.5,"standard_error":26717.33951274941},"median_abs_dev":{"confidence_interval":{"confidence_level":0.95,"lower_bound":152745.60358822346,"upper_bound":256417.88934767246},"point_estimate":206454.0849097073,"standard_error":26367.217922612494},"slope":null,"std_dev":{"confidence_interval":{"confidence_level":0.95,"lower_bound":223911.40039220813,"upper_bound":357314.16021681635},"point_estimate":295141.9824256241,"standard_error":34230.766281501776}}