{"mean":{"confidence_interval":{"confidence_level":0.95,"lower_bound":4963164.739636363,"upper_bound":5103201.100340908},"point_estimate":5029433.533636364,"standard_error":35690.19492788653},"median":{"confidence_interval":{"confidence_level":0.95,"lower_bound":4861243.136363637,"upper_bound":4960372.545454545},"point_estimate":4895171.136363637,"standard_error":26901.50966502803},"median_abs_dev":{"confidence_interval":{"confidence_level":0.95,"lower_bound":159275.17604502814,"upper_bound":300179.05147075653},"point_estimate":220063.05539309978,"standard_error":34479.552628077356},"slope":null,"std_dev":{"confidence_interval":{"confidence_level":0.95,"lower_bound":270297.8395732598,"upper_bound":447591.06474114454},"point_estimate":359023.7582593197,"standard_error":45803.34705542696}}