{"mean":{"confidence_interval":{"confidence_level":0.95,"lower_bound":5378008.114200001,"upper_bound":5447251.477425002},"point_estimate":5411364.959999997,"standard_error":17693.098087322924},"median":{"confidence_interval":{"confidence_level":0.95,"lower_bound":5336516.75,"upper_bound":5424937.6},"point_estimate":5381562.2,"standard_error":22132.565733790976},"median_abs_dev":{"confidence_interval":{"confidence_level":0.95,"lower_bound":106414.65093076254,"upper_bound":175578.6810028542},"point_estimate":140766.78884088912,"standard_error":17763.378743837693},"slope":null,"std_dev":{"confidence_interval":{"confidence_level":0.95,"lower_bound":135956.44071638788,"upper_bound":214348.417295522},"point_estimate":176554.8900888333,"standard_error":20143.597151634152}}