{"mean":{"confidence_interval":{"confidence_level":0.95,"lower_bound":5942922.126749998,"upper_bound":6086140.272861111},"point_estimate":6010558.0977777755,"standard_error":36539.63710473287},"median":{"confidence_interval":{"confidence_level":0.95,"lower_bound":5860442.0,"upper_bound":5990522.055555555},"point_estimate":5947347.222222222,"standard_error":34715.20916040317},"median_abs_dev":{"confidence_interval":{"confidence_level":0.95,"lower_bound":204003.2894965508,"upper_bound":335857.3256373396},"point_estimate":281492.85560250306,"standard_error":30626.393900758787},"slope":null,"std_dev":{"confidence_interval":{"confidence_level":0.95,"lower_bound":250636.60620112802,"upper_bound":482638.77081304643},"point_estimate":367710.3297614758,"standard_error":60850.54064443525}}