{"mean":{"confidence_interval":{"confidence_level":0.95,"lower_bound":3909580.60376923,"upper_bound":3985418.662942307},"point_estimate":3945094.0292307693,"standard_error":19358.72459189114},"median":{"confidence_interval":{"confidence_level":0.95,"lower_bound":3859702.346153846,"upper_bound":3923326.807692308},"point_estimate":3896849.307692308,"standard_error":16612.866265956356},"median_abs_dev":{"confidence_interval":{"confidence_level":0.95,"lower_bound":90531.77410043147,"upper_bound":153195.80077253876},"point_estimate":120862.97543117628,"standard_error":15442.118585859416},"slope":null,"std_dev":{"confidence_interval":{"confidence_level":0.95,"lower_bound":133559.97855584865,"upper_bound":254806.8835019684},"point_estimate":194059.34891284123,"standard_error":31711.802618492424}}