{"mean":{"confidence_interval":{"confidence_level":0.95,"lower_bound":3508197.309392858,"upper_bound":3514214.6098750005},"point_estimate":3510982.3228571434,"standard_error":1533.911823215111},"median":{"confidence_interval":{"confidence_level":0.95,"lower_bound":3505736.0,"upper_bound":3509984.3214285714},"point_estimate":3507816.678571428,"standard_error":933.5792209956368},"median_abs_dev":{"confidence_interval":{"confidence_level":0.95,"lower_bound":6538.475036418593,"upper_bound":11277.71439978025},"point_estimate":8368.429651430773,"standard_error":1207.0997172932273},"slope":null,"std_dev":{"confidence_interval":{"confidence_level":0.95,"lower_bound":9347.646586747265,"upper_bound":20650.001918920345},"point_estimate":15383.570958590875,"standard_error":2891.5911156087873}}