{"mean":{"confidence_interval":{"confidence_level":0.95,"lower_bound":4723563.758636362,"upper_bound":4850803.954090906},"point_estimate":4784023.11,"standard_error":32420.964202658484},"median":{"confidence_interval":{"confidence_level":0.95,"lower_bound":4656561.636363637,"upper_bound":4771898.0},"point_estimate":4704498.045454545,"standard_error":30539.555769529903},"median_abs_dev":{"confidence_interval":{"confidence_level":0.95,"lower_bound":165404.1769453069,"upper_bound":276774.458722635},"point_estimate":201525.70357674803,"standard_error":28506.710291206},"slope":null,"std_dev":{"confidence_interval":{"confidence_level":0.95,"lower_bound":240959.54087219114,"upper_bound":406043.6357537135},"point_estimate":327273.1702991902,"standard_error":42067.88502518273}}