{"mean":{"confidence_interval":{"confidence_level":0.95,"lower_bound":5848065.397194444,"upper_bound":5955259.918361112},"point_estimate":5900795.464444443,"standard_error":27379.397704761715},"median":{"confidence_interval":{"confidence_level":0.95,"lower_bound":5802690.777777778,"upper_bound":5970598.333333333},"point_estimate":5863684.944444444,"standard_error":41291.02457740702},"median_abs_dev":{"confidence_interval":{"confidence_level":0.95,"lower_bound":218677.68720852872,"upper_bound":345442.25210050726},"point_estimate":256068.242853879,"standard_error":33168.4999538219},"slope":null,"std_dev":{"confidence_interval":{"confidence_level":0.95,"lower_bound":233155.41975527848,"upper_bound":317241.54037388635},"point_estimate":276357.2502489749,"standard_error":21497.066509574604}}