{"mean":{"confidence_interval":{"confidence_level":0.95,"lower_bound":4257651.532416667,"upper_bound":4309582.802979168},"point_estimate":4280758.835,"standard_error":13305.063965993548},"median":{"confidence_interval":{"confidence_level":0.95,"lower_bound":4251466.25,"upper_bound":4276483.166666667},"point_estimate":4260878.833333333,"standard_error":5983.585616527396},"median_abs_dev":{"confidence_interval":{"confidence_level":0.95,"lower_bound":59662.91169077112,"upper_bound":98482.6298765845},"point_estimate":80073.55665340951,"standard_error":9940.707358031807},"slope":null,"std_dev":{"confidence_interval":{"confidence_level":0.95,"lower_bound":70163.78447390009,"upper_bound":197341.19688117167},"point_estimate":133078.37415021614,"standard_error":35542.7151724646}}