{"mean":{"confidence_interval":{"confidence_level":0.95,"lower_bound":4884801.586727274,"upper_bound":4903702.619522728},"point_estimate":4894030.414545455,"standard_error":4829.596215991789},"median":{"confidence_interval":{"confidence_level":0.95,"lower_bound":4872736.636363637,"upper_bound":4897518.7272727275},"point_estimate":4884345.863636363,"standard_error":5642.8540498760385},"median_abs_dev":{"confidence_interval":{"confidence_level":0.95,"lower_bound":35468.17177940505,"upper_bound":61164.661914110184},"point_estimate":48259.10087959358,"standard_error":6438.813573086427},"slope":null,"std_dev":{"confidence_interval":{"confidence_level":0.95,"lower_bound":40675.54652616042,"upper_bound":55837.96469294608},"point_estimate":48671.82395274778,"standard_error":3885.1088921912797}}