{"mean":{"confidence_interval":{"confidence_level":0.95,"lower_bound":5676580.476083337,"upper_bound":5692747.879111111},"point_estimate":5684488.537777779,"standard_error":4111.514438551834},"median":{"confidence_interval":{"confidence_level":0.95,"lower_bound":5670816.888888889,"upper_bound":5686618.444444444},"point_estimate":5677273.111111111,"standard_error":3345.3074355317485},"median_abs_dev":{"confidence_interval":{"confidence_level":0.95,"lower_bound":22389.401135842774,"upper_bound":41285.96146702699},"point_estimate":30717.32992132566,"standard_error":4805.195018092227},"slope":null,"std_dev":{"confidence_interval":{"confidence_level":0.95,"lower_bound":33298.76848423931,"upper_bound":48495.56881503669},"point_estimate":41210.17132257695,"standard_error":3899.751990285961}}