{"mean":{"confidence_interval":{"confidence_level":0.95,"lower_bound":4854232.948022727,"upper_bound":4884168.326886362},"point_estimate":4868707.912727273,"standard_error":7633.346315726288},"median":{"confidence_interval":{"confidence_level":0.95,"lower_bound":4834021.636363637,"upper_bound":4859894.636363637},"point_estimate":4846826.318181818,"standard_error":6517.069291568582},"median_abs_dev":{"confidence_interval":{"confidence_level":0.95,"lower_bound":39835.304783691,"upper_bound":76968.23416081292},"point_estimate":57943.44390766212,"standard_error":8927.51103349718},"slope":null,"std_dev":{"confidence_interval":{"confidence_level":0.95,"lower_bound":61464.73450705,"upper_bound":90970.34645622835},"point_estimate":77188.34424856743,"standard_error":7543.436443852136}}