{"mean":{"confidence_interval":{"confidence_level":0.95,"lower_bound":4767422.1627727235,"upper_bound":4772753.530681818},"point_estimate":4769881.673636363,"standard_error":1360.7139308507049},"median":{"confidence_interval":{"confidence_level":0.95,"lower_bound":4763965.7272727275,"upper_bound":4767204.863636363},"point_estimate":4765291.2272727275,"standard_error":772.3009915576678},"median_abs_dev":{"confidence_interval":{"confidence_level":0.95,"lower_bound":3888.5901673276117,"upper_bound":7027.791754095215},"point_estimate":5492.358993400164,"standard_error":779.0942544721373},"slope":null,"std_dev":{"confidence_interval":{"confidence_level":0.95,"lower_bound":8707.264248520309,"upper_bound":18341.674478412566},"point_estimate":13737.146070070236,"standard_error":2490.8143560247495}}