{"mean":{"confidence_interval":{"confidence_level":0.95,"lower_bound":5639997.022361111,"upper_bound":5784524.317888888},"point_estimate":5711742.616666666,"standard_error":36764.26748775615},"median":{"confidence_interval":{"confidence_level":0.95,"lower_bound":5581881.222222222,"upper_bound":5868579.777777778},"point_estimate":5726604.444444444,"standard_error":69174.73845884882},"median_abs_dev":{"confidence_interval":{"confidence_level":0.95,"lower_bound":323689.71002002596,"upper_bound":509469.12362178275},"point_estimate":422428.4796337285,"standard_error":47002.96421588981},"slope":null,"std_dev":{"confidence_interval":{"confidence_level":0.95,"lower_bound":326937.9368325678,"upper_bound":406317.3414715075},"point_estimate":369103.9961367002,"standard_error":20218.656534312}}